date,humidity,temperature_f,station_pressure,wind_speed_mph,precipitation_in
2010-01-01T04:51:00Z,92,33,29.93,0,0
2010-01-02T03:51:00Z,72,30,29.67,23,0
2010-01-02T15:51:00Z,48,26,29.630000000000003,28,0
2010-01-02T16:51:00Z,48,24,29.64,31,0
2010-01-07T13:51:00Z,48,39,29.84,16,0
2010-01-08T10:51:00Z,75,32,29.69,7,0
2010-01-10T02:51:00Z,49,16,30.2,9,0
2010-01-13T09:51:00Z,49,28,30.21,14,0
2010-01-15T23:51:00Z,57,41,30.19,10,0
2010-01-16T03:51:00Z,58,40,30.19,13,0
2010-01-16T06:51:00Z,60,39,30.18,14,0
2010-01-18T15:51:00Z,55,49,29.8,11,0
2010-01-20T12:51:00Z,42,43,29.9,13,0
2010-01-21T13:51:00Z,38,42,30.14,5,0
2010-01-22T11:51:00Z,33,42,29.88,16,0
2010-01-23T05:51:00Z,69,28,30.21,10,0
2010-01-23T06:51:00Z,72,27,30.23,8,0
2010-01-23T22:51:00Z,72,31,30.279999999999998,3,0
2010-01-24T14:51:00Z,83,44,30.03,7,0
2010-01-24T17:51:00Z,90,45,30,7,0
2010-01-24T22:51:00Z,90,47,29.9,11,0
2010-01-25T05:51:00Z,93,50,29.64,26,0
2010-01-25T12:42:00Z,94,54,29.24,41,0.08
2010-01-25T19:51:00Z,83,48,29.36,13,0
2010-01-26T13:51:00Z,40,43,29.66,23,0
2010-01-28T02:51:00Z,72,28,30.130000000000003,6,0
2010-01-28T07:42:00Z,65,34,30.07,9,0
2010-01-29T10:51:00Z,33,21,30.27,17,0
2010-01-30T03:51:00Z,43,16,30.279999999999998,21,0
2010-01-30T15:51:00Z,41,19,30.12,13,0
2010-01-30T22:51:00Z,45,19,29.979999999999997,16,0
2010-01-30T23:51:00Z,45,19,29.97,16,0
2010-01-31T05:51:00Z,45,16,30.04,18,0
2010-01-31T08:51:00Z,41,18,30.1,11,0
2010-02-02T20:51:00Z,61,31,30.150000000000002,5,0
2010-02-03T04:51:00Z,88,28,30.03,7,0
2010-02-03T23:51:00Z,54,32,30.14,14,0
2010-02-06T14:51:00Z,51,26,29.630000000000003,28,0
2010-02-07T05:51:00Z,56,17,29.86,16,0
2010-02-10T14:36:00Z,100,30,,28,0.03
2010-02-11T00:46:00Z,87,34,29.3,28,0
2010-02-11T01:51:00Z,89,34,29.34,20,0
2010-02-12T01:51:00Z,60,26,29.759999999999998,11,0
2010-02-12T13:51:00Z,42,35,29.779999999999998,13,0
2010-02-15T00:51:00Z,64,31,29.72,18,0
2010-02-16T00:51:00Z,92,32,29.59,9,0.03
2010-02-17T06:51:00Z,72,27,29.6,11,0
2010-02-17T16:51:00Z,56,34,29.49,16,0
2010-02-17T20:26:00Z,70,34,29.5,15,0
2010-02-18T00:51:00Z,69,32,29.479999999999997,21,0
2010-02-18T11:51:00Z,57,39,29.57,18,0
2010-02-20T15:51:00Z,49,44,29.89,18,0
2010-02-20T17:51:00Z,53,42,29.91,13,0
2010-02-23T10:16:00Z,87,37,29.82,14,0.02
2010-02-23T14:51:00Z,89,39,29.779999999999998,15,0.01
2010-02-25T08:51:00Z,93,36,29.479999999999997,10,0.09
2010-02-25T09:51:00Z,93,35,29.5,6,0.1
2010-02-28T08:51:00Z,78,35,29.610000000000003,7,0
2010-03-01T04:51:00Z,62,37,29.6,17,0
2010-03-01T05:51:00Z,62,37,29.6,18,0
2010-03-01T10:51:00Z,51,44,29.66,28,0
2010-03-01T14:51:00Z,44,49,29.69,23,0
2010-03-02T05:51:00Z,75,34,29.87,7,0
2010-03-02T10:51:00Z,50,47,29.9,6,0
2010-03-02T11:51:00Z,50,46,29.88,3,0
2010-03-03T08:51:00Z,85,35,29.58,18,0.01
2010-03-03T09:51:00Z,86,36,29.57,26,0
2010-03-04T06:51:00Z,59,37,29.630000000000003,14,0
2010-03-04T19:51:00Z,45,42,29.79,23,0
2010-03-04T20:51:00Z,47,41,29.8,18,0
2010-03-05T13:51:00Z,25,48,29.919999999999998,21,0
2010-03-05T20:51:00Z,35,40,30.03,18,0
2010-03-06T20:51:00Z,20,48,30.04,15,0
2010-03-08T14:51:00Z,24,62,29.779999999999998,20,0
2010-03-09T12:51:00Z,26,60,29.93,16,0
2010-03-09T14:51:00Z,24,61,29.91,13,0
2010-03-09T22:51:00Z,76,42,29.97,3,0
2010-03-10T22:51:00Z,73,44,30.03,6,0
2010-03-13T10:51:00Z,83,50,29.759999999999998,31,0.03
2010-03-14T21:51:00Z,86,43,29.52,17,0
2010-03-14T22:51:00Z,79,44,29.52,21,0
2010-03-16T10:51:00Z,24,55,29.939999999999998,17,0
2010-03-17T10:51:00Z,24,60,30.01,3,0
2010-03-17T22:51:00Z,71,44,29.88,7,0
2010-03-19T10:51:00Z,20,66,29.85,6,0
2010-03-20T17:51:00Z,51,55,29.979999999999997,22,0
2010-03-21T01:51:00Z,71,47,30.06,3,0
2010-03-21T13:51:00Z,60,57,30.05,8,0
2010-03-21T19:51:00Z,77,50,30.03,5,0
2010-03-22T06:51:00Z,93,50,30.01,3,0
2010-03-22T11:51:00Z,93,53,29.97,11,0
2010-03-22T22:43:00Z,94,52,29.650000000000002,21,0.19
2010-03-23T01:23:00Z,94,48,29.64,16,0.01
2010-03-23T09:51:00Z,86,49,29.55,6,0
2010-03-24T08:51:00Z,50,48,29.74,25,0
2010-03-24T17:51:00Z,20,59,29.89,22,0
2010-03-25T13:51:00Z,63,50,29.830000000000002,18,0
2010-03-26T03:01:00Z,82,50,29.58,16,0
2010-03-26T04:51:00Z,79,44,29.66,23,0.02
2010-03-26T20:51:00Z,31,38,30.07,18,0
2010-03-27T12:51:00Z,36,38,30.41,10,0
2010-03-28T13:51:00Z,80,45,30.2,16,0.01
2010-03-30T05:51:00Z,93,44,29.52,21,0.23
2010-03-30T10:28:00Z,93,45,29.37,23,0.11
2010-04-02T14:51:00Z,58,58,30.18,9,0
2010-04-02T19:51:00Z,77,49,30.19,7,0
2010-04-02T21:51:00Z,80,48,30.19,6,0
2010-04-03T01:51:00Z,86,46,30.17,0,0
2010-04-03T20:51:00Z,97,45,30.08,10,0
2010-04-04T09:51:00Z,63,61,30.14,7,0
2010-04-05T15:51:00Z,54,63,29.93,30,0
2010-04-06T06:51:00Z,87,56,29.919999999999998,3,0
2010-04-07T07:51:00Z,63,68,29.72,9,0
2010-04-08T03:51:00Z,84,56,29.67,6,0
2010-04-08T10:51:00Z,65,66,29.69,8,0
2010-04-09T08:51:00Z,72,58,29.71,11,0
2010-04-10T16:51:00Z,33,59,30.17,18,0
2010-04-11T02:51:00Z,61,50,30.2,11,0
2010-04-11T04:51:00Z,64,49,30.2,9,0
2010-04-11T05:51:00Z,61,50,30.21,14,0
2010-04-11T20:51:00Z,32,64,30.17,11,0
2010-04-11T22:51:00Z,25,60,30.22,8,0
2010-04-14T00:51:00Z,77,46,30.5,6,0
2010-04-14T18:51:00Z,51,54,30.36,20,0
2010-04-15T23:51:00Z,52,49,30.18,15,0
2010-04-16T14:51:00Z,66,51,29.85,18,0
2010-04-17T04:51:00Z,89,46,29.66,3,0
2010-04-17T11:51:00Z,59,53,29.72,8,0
2010-04-18T03:51:00Z,54,45,29.82,15,0
2010-04-18T05:51:00Z,55,44,29.85,15,0
2010-04-18T07:51:00Z,54,47,29.88,11,0
2010-04-19T10:51:00Z,39,57,29.91,14,0
2010-04-21T15:51:00Z,74,55,29.759999999999998,13,0
2010-04-22T09:51:00Z,72,59,29.73,10,0
2010-04-22T17:51:00Z,80,55,29.67,14,0
2010-04-23T11:51:00Z,28,62,29.82,15,0
2010-04-24T20:51:00Z,64,53,29.959999999999997,9,0
2010-04-26T11:51:00Z,89,52,29.35,9,0.01
2010-04-27T05:51:00Z,89,48,29.279999999999998,5,0.01
2010-04-28T12:51:00Z,40,53,29.52,18,0
2010-04-29T02:51:00Z,28,49,29.77,13,0
2010-04-29T17:51:00Z,15,69,29.71,25,0
2010-04-29T21:51:00Z,25,60,29.8,9,0
2010-04-30T08:51:00Z,28,67,29.87,8,0
2010-05-02T00:51:00Z,81,59,29.82,5,0
2010-05-02T04:51:00Z,83,59,29.810000000000002,5,0
2010-05-02T12:51:00Z,71,72,29.79,9,0
2010-05-04T13:51:00Z,33,81,29.7,24,0
2010-05-04T17:51:00Z,44,70,29.759999999999998,15,0
2010-05-04T19:51:00Z,52,66,29.810000000000002,9,0
2010-05-05T04:51:00Z,83,57,29.939999999999998,3,0
2010-05-05T10:51:00Z,37,73,29.959999999999997,13,0
2010-05-05T20:51:00Z,72,59,29.9,15,0
2010-05-07T19:51:00Z,77,56,29.82,15,0
2010-05-07T22:51:00Z,77,55,29.810000000000002,15,0
2010-05-08T16:51:00Z,23,70,29.53,30,0
2010-05-09T11:51:00Z,38,50,29.93,18,0
2010-05-10T22:51:00Z,30,50,30.35,13,0
2010-05-11T06:51:00Z,39,50,30.439999999999998,13,0
2010-05-11T07:51:00Z,36,51,30.419999999999998,9,0
2010-05-11T10:51:00Z,25,55,30.419999999999998,0,0
2010-05-12T23:51:00Z,83,47,30.23,6,0
2010-05-13T23:51:00Z,62,54,30.2,11,0
2010-05-14T12:51:00Z,64,74,30.03,17,0
2010-05-15T11:51:00Z,34,72,30.03,16,0
2010-05-15T17:51:00Z,30,72,30.02,15,0
2010-05-15T21:51:00Z,41,64,30.09,7,0
2010-05-16T12:51:00Z,37,70,30.08,11,0
2010-05-16T14:51:00Z,33,72,30.06,10,0
2010-05-17T08:51:00Z,27,70,30.18,7,0
2010-05-18T17:51:00Z,86,52,29.88,18,0.02
2010-05-19T00:51:00Z,86,51,29.8,15,0
2010-05-19T04:51:00Z,86,52,29.8,14,0
2010-05-19T16:51:00Z,58,64,29.830000000000002,8,0
2010-05-20T06:51:00Z,68,63,29.939999999999998,0,0
2010-05-23T15:51:00Z,71,71,30.19,9,0
2010-05-25T03:51:00Z,90,59,30.21,0,0
2010-05-25T19:51:00Z,70,64,30.09,9,0
2010-05-27T11:51:00Z,68,67,29.86,11,0
2010-05-28T14:51:00Z,65,64,29.959999999999997,10,0
2010-05-29T03:51:00Z,86,60,29.959999999999997,9,0
2010-05-30T01:51:00Z,87,66,29.82,7,0
2010-05-30T17:51:00Z,30,85,29.85,14,0
2010-05-30T21:51:00Z,50,76,29.91,8,0
2010-05-31T13:51:00Z,58,75,29.979999999999997,15,0
2010-05-31T18:45:00Z,83,68,29.939999999999998,8,0
2010-06-01T08:51:00Z,67,78,29.810000000000002,10,0
2010-06-01T19:51:00Z,82,72,29.779999999999998,8,0
2010-06-01T22:51:00Z,87,69,29.79,6,0
2010-06-03T09:51:00Z,84,71,29.71,10,0
2010-06-04T05:51:00Z,74,74,29.779999999999998,8,0
2010-06-04T09:51:00Z,48,85,29.8,8,0
2010-06-04T19:51:00Z,74,73,29.779999999999998,13,0
2010-06-06T02:51:00Z,81,73,29.59,8,0
2010-06-06T21:51:00Z,51,65,29.630000000000003,24,0
2010-06-08T08:51:00Z,38,69,30.03,8,0
2010-06-10T00:51:00Z,90,59,29.8,8,0
2010-06-11T05:51:00Z,70,63,30.08,8,0
2010-06-11T09:51:00Z,76,65,30.16,11,0
2010-06-11T19:51:00Z,78,63,30.16,7,0
2010-06-12T14:51:00Z,66,73,29.99,20,0
2010-06-12T17:51:00Z,73,70,29.93,21,0
2010-06-13T06:51:00Z,76,70,29.86,8,0
2010-06-13T16:51:00Z,87,68,29.82,10,0.01
2010-06-13T18:51:00Z,87,67,29.82,6,0
2010-06-14T15:51:00Z,76,71,29.810000000000002,11,0
2010-06-15T10:51:00Z,29,78,30.07,9,0
2010-06-16T11:51:00Z,61,71,30.110000000000003,11,0
2010-06-16T14:51:00Z,63,71,30.02,11,0
2010-06-19T05:51:00Z,84,66,30.110000000000003,10,0
2010-06-19T22:51:00Z,87,69,29.939999999999998,9,0
2010-06-20T06:51:00Z,81,73,29.9,6,0
2010-06-20T09:51:00Z,72,79,29.88,10,0
2010-06-21T04:51:00Z,54,75,29.95,7,0
2010-06-23T09:51:00Z,48,86,29.97,16,0
2010-06-24T03:51:00Z,69,78,29.82,9,0
2010-06-24T12:51:00Z,37,96,29.73,21,0
2010-06-24T15:51:00Z,38,94,29.7,18,0
2010-06-25T08:51:00Z,45,81,29.99,9,0
2010-06-25T21:51:00Z,76,72,29.959999999999997,6,0
2010-06-26T02:51:00Z,82,70,29.939999999999998,6,0
2010-06-27T05:51:00Z,79,75,29.779999999999998,6,0
2010-06-27T12:51:00Z,63,86,29.71,11,0
2010-06-28T18:51:00Z,71,80,29.610000000000003,7,0
2010-06-29T17:51:00Z,35,87,29.810000000000002,13,0
2010-07-01T10:51:00Z,31,76,30.12,13,0
2010-07-02T21:51:00Z,61,69,30.14,10,0
2010-07-03T13:51:00Z,33,84,30.06,16,0
2010-07-04T04:51:00Z,66,71,30,9,0
2010-07-04T07:51:00Z,41,82,30,9,0
2010-07-04T17:51:00Z,40,86,29.89,3,0
2010-07-05T07:51:00Z,34,88,29.97,6,0
2010-07-05T10:51:00Z,27,94,29.95,13,0
2010-07-06T00:51:00Z,71,77,29.959999999999997,3,0
2010-07-07T02:51:00Z,63,82,29.959999999999997,3,0
2010-07-07T23:51:00Z,87,78,30.01,3,0
2010-07-09T02:51:00Z,88,75,30,0,0
2010-07-09T12:51:00Z,59,85,29.939999999999998,13,0
2010-07-09T18:51:00Z,77,79,29.84,11,0
2010-07-10T08:51:00Z,67,81,29.82,8,0
2010-07-11T22:51:00Z,82,77,29.85,8,0
2010-07-14T04:51:00Z,91,76,29.85,6,0
2010-07-14T07:51:00Z,91,76,29.88,10,0
2010-07-14T11:51:00Z,72,79,29.89,6,0
2010-07-15T10:51:00Z,64,80,30.02,9,0
2010-07-15T14:51:00Z,53,86,29.99,9,0
2010-07-16T23:51:00Z,71,80,29.85,9,0
2010-07-17T05:51:00Z,67,80,29.9,8,0
2010-07-17T12:51:00Z,44,90,29.86,16,0
2010-07-17T22:51:00Z,62,81,29.82,13,0
2010-07-18T01:51:00Z,69,80,29.82,13,0
2010-07-19T09:05:00Z,66,82,29.85,14,0
2010-07-19T09:51:00Z,84,75,29.830000000000002,5,0.36
2010-07-19T10:51:00Z,74,78,29.82,8,0
2010-07-21T11:51:00Z,55,88,29.9,13,0
2010-07-23T20:23:00Z,79,79,29.87,16,0.07
2010-07-23T20:48:00Z,79,81,29.84,10,0.54
2010-07-23T22:51:00Z,67,84,29.84,14,0
2010-07-24T07:51:00Z,63,85,29.84,10,0
2010-07-25T19:51:00Z,71,77,29.830000000000002,11,0
2010-07-26T07:51:00Z,52,76,30.01,9,0
2010-07-29T06:51:00Z,79,79,29.86,10,0.01
2010-07-29T12:51:00Z,67,83,29.810000000000002,13,0
2010-07-30T10:51:00Z,34,80,29.91,5,0
2010-07-30T11:51:00Z,47,77,29.919999999999998,11,0
2010-07-30T21:51:00Z,62,73,29.9,6,0
2010-07-31T06:51:00Z,59,67,29.959999999999997,9,0
2010-08-01T14:51:00Z,54,76,30.04,10,0
2010-08-03T07:51:00Z,64,76,30.12,11,0
2010-08-04T19:51:00Z,82,77,29.779999999999998,15,0
2010-08-04T20:51:00Z,85,77,29.77,10,0
2010-08-06T22:51:00Z,36,74,29.830000000000002,6,0
2010-08-06T23:51:00Z,41,71,29.84,0,0
2010-08-08T05:51:00Z,81,73,30.02,7,0
2010-08-08T08:51:00Z,69,78,30.04,8,0
2010-08-09T12:51:00Z,61,85,29.979999999999997,13,0
2010-08-10T02:51:00Z,69,78,29.91,7,0
2010-08-10T03:51:00Z,74,77,29.9,7,0
2010-08-10T20:51:00Z,85,77,29.85,3,0
2010-08-11T01:51:00Z,85,77,29.830000000000002,3,0
2010-08-12T02:51:00Z,81,73,29.85,5,0
2010-08-12T13:51:00Z,66,75,29.89,8,0
2010-08-13T02:51:00Z,71,70,29.959999999999997,8,0
2010-08-13T19:51:00Z,61,71,30.07,8,0
2010-08-13T21:51:00Z,61,70,30.07,8,0
2010-08-14T01:51:00Z,65,66,30.110000000000003,6,0
2010-08-15T01:51:00Z,68,70,30.09,6,0
2010-08-15T05:51:00Z,73,70,30.07,5,0
2010-08-15T17:51:00Z,74,75,30,11,0
2010-08-16T16:20:00Z,83,77,29.91,13,0.08
2010-08-17T07:51:00Z,69,81,29.99,0,0
2010-08-17T18:51:00Z,82,79,29.979999999999997,10,0
2010-08-18T10:51:00Z,47,79,30.05,8,0
2010-08-19T09:51:00Z,44,82,29.919999999999998,10,0
2010-08-19T12:51:00Z,40,84,29.89,13,0
2010-08-20T07:51:00Z,46,83,29.89,6,0
2010-08-21T16:51:00Z,74,77,29.99,9,0
2010-08-22T22:51:00Z,90,71,29.759999999999998,15,0
2010-08-23T16:51:00Z,70,69,29.91,20,0
2010-08-24T08:38:00Z,83,64,29.979999999999997,17,0.06
2010-08-26T05:51:00Z,78,68,29.91,8,0
2010-08-26T11:51:00Z,51,81,29.93,10,0
2010-08-27T18:51:00Z,40,74,30.06,10,0
2010-08-28T04:51:00Z,68,63,30.16,5,0
2010-08-29T01:51:00Z,73,67,30.17,6,0
2010-08-30T06:51:00Z,58,76,30.2,5,0
2010-08-30T13:51:00Z,26,90,30.16,10,0
2010-08-30T19:51:00Z,42,85,30.130000000000003,3,0
2010-09-02T11:51:00Z,63,85,29.979999999999997,13,0
2010-09-02T14:51:00Z,57,85,29.939999999999998,21,0
2010-09-02T15:51:00Z,57,84,29.93,21,0
2010-09-03T21:51:00Z,64,80,29.479999999999997,10,0
2010-09-04T06:51:00Z,48,74,29.610000000000003,16,0
2010-09-04T10:51:00Z,29,80,29.630000000000003,21,0
2010-09-06T12:51:00Z,33,76,30.2,10,0
2010-09-08T20:51:00Z,45,69,29.779999999999998,20,0
2010-09-09T22:51:00Z,56,64,29.79,18,0
2010-09-10T01:51:00Z,60,63,29.779999999999998,14,0
2010-09-11T17:51:00Z,59,69,29.97,7,0
2010-09-13T09:51:00Z,66,69,29.97,7,0
2010-09-15T13:51:00Z,33,73,30.05,14,0
2010-09-15T14:51:00Z,32,73,30.04,16,0
2010-09-15T22:51:00Z,52,60,30.14,7,0
2010-09-16T20:51:00Z,87,68,29.84,15,0.04
2010-09-17T10:51:00Z,59,71,29.91,15,0
2010-09-18T00:51:00Z,70,61,30.12,6,0
2010-09-18T03:51:00Z,70,62,30.150000000000002,7,0
2010-09-18T08:51:00Z,63,67,30.21,5,0
2010-09-18T17:51:00Z,68,65,30.14,9,0
2010-09-20T01:51:00Z,70,68,29.93,13,0
2010-09-21T13:51:00Z,44,69,30.16,14,0
2010-09-21T21:51:00Z,70,65,30.09,14,0
2010-09-22T20:51:00Z,90,69,30.02,7,0.35
2010-09-22T23:51:00Z,84,70,30.07,8,0
2010-09-23T09:51:00Z,52,76,30.2,7,0
2010-09-23T16:51:00Z,71,70,30.16,14,0
2010-09-23T18:51:00Z,76,68,30.18,8,0
2010-09-24T23:51:00Z,81,73,29.85,11,0
2010-09-26T10:51:00Z,43,74,30.01,10,0
2010-09-27T16:15:00Z,88,72,29.93,14,0.01
2010-09-27T17:51:00Z,90,71,29.91,10,0.08
2010-09-28T09:37:00Z,83,72,29.75,24,0
2010-09-29T06:51:00Z,81,66,29.9,6,0
2010-09-29T18:51:00Z,71,70,29.959999999999997,7,0
2010-09-30T09:51:00Z,88,75,29.79,23,0
2010-09-30T12:51:00Z,82,76,29.75,22,0
2010-10-01T07:51:00Z,90,66,29.54,13,0.18
2010-10-01T17:51:00Z,78,63,29.69,14,0
2010-10-02T06:51:00Z,69,55,29.93,8,0
2010-10-02T11:51:00Z,43,65,29.95,3,0
2010-10-03T18:51:00Z,58,59,30.09,15,0
2010-10-04T10:23:00Z,82,55,30.06,11,0
2010-10-05T04:51:00Z,90,56,29.959999999999997,11,0
2010-10-06T04:51:00Z,78,57,29.95,8,0
2010-10-06T22:51:00Z,74,55,29.69,20,0
2010-10-07T05:51:00Z,80,54,29.64,17,0
2010-10-07T20:51:00Z,40,65,29.8,9,0
2010-10-08T07:51:00Z,50,61,29.959999999999997,9,0
2010-10-10T21:51:00Z,58,63,29.73,9,0
2010-10-11T14:51:00Z,48,73,29.759999999999998,10,0
2010-10-12T06:51:00Z,87,61,29.74,5,0
2010-10-12T13:51:00Z,61,66,29.75,10,0
2010-10-14T01:51:00Z,80,50,29.979999999999997,0,0
2010-10-14T14:51:00Z,60,62,29.779999999999998,9,0
2010-10-14T19:51:00Z,90,56,29.68,8,0.18
2010-10-15T04:51:00Z,77,52,29.5,14,0
2010-10-16T20:51:00Z,43,54,29.9,16,0
2010-10-20T08:51:00Z,62,56,29.939999999999998,0,0
2010-10-21T18:51:00Z,36,56,29.72,11,0
2010-10-22T10:51:00Z,40,52,29.979999999999997,16,0
2010-10-22T13:51:00Z,29,55,29.979999999999997,24,0
2010-10-23T13:51:00Z,40,62,30.08,10,0
2010-10-25T04:51:00Z,83,55,29.979999999999997,7,0
2010-10-25T13:51:00Z,78,66,29.87,20,0
2010-10-27T16:51:00Z,93,66,29.84,13,0.03
2010-10-29T22:51:00Z,41,48,30.05,16,0
2010-10-31T20:51:00Z,44,46,30.09,20,0
2010-11-02T00:51:00Z,58,40,30.419999999999998,11,0
2010-11-02T12:51:00Z,35,50,30.39,11,0
2010-11-02T20:51:00Z,55,44,30.35,0,0
2010-11-03T02:51:00Z,73,38,30.29,3,0
2010-11-03T17:51:00Z,59,50,30.04,10,0
2010-11-03T18:51:00Z,64,49,30.04,8,0
2010-11-04T11:51:00Z,90,49,29.52,15,0.09
2010-11-04T16:51:00Z,89,50,29.43,13,0.01
2010-11-05T03:17:00Z,87,48,29.36,11,0
2010-11-06T23:51:00Z,60,44,30.24,14,0
2010-11-07T00:51:00Z,58,44,30.24,16,0
2010-11-07T03:51:00Z,65,40,30.27,14,0
2010-11-07T08:51:00Z,53,42,30.259999999999998,17,0
2010-11-07T13:51:00Z,33,51,30.110000000000003,18,0
2010-11-08T00:51:00Z,51,42,29.88,14,0
2010-11-10T12:51:00Z,51,55,30.03,16,0
2010-11-10T19:51:00Z,48,48,30.14,9,0
2010-11-10T23:51:00Z,51,46,30.21,17,0
2010-11-12T22:51:00Z,37,47,30.3,5,0
2010-11-13T16:51:00Z,47,55,30.110000000000003,5,0
2010-11-13T17:51:00Z,50,51,30.110000000000003,3,0
2010-11-15T13:51:00Z,69,59,30.01,8,0
2010-11-16T04:51:00Z,89,52,30.05,6,0.02
2010-11-20T11:51:00Z,47,55,30.09,22,0
2010-11-20T22:51:00Z,48,47,30.29,13,0
2010-11-21T03:51:00Z,57,39,30.39,5,0
2010-11-21T21:51:00Z,68,46,30.439999999999998,8,0
2010-11-22T03:51:00Z,86,47,30.4,6,0
2010-11-22T19:51:00Z,86,53,30.16,9,0
2010-11-23T16:51:00Z,67,60,29.810000000000002,11,0
2010-11-24T07:51:00Z,43,42,30.110000000000003,23,0
2010-11-25T14:32:00Z,75,39,30.1,6,0.01
2010-11-25T15:51:00Z,77,40,30.08,5,0
2010-11-26T06:24:00Z,94,54,29.57,8,0
2010-11-26T07:37:00Z,88,54,29.57,14,0
2010-11-27T04:51:00Z,46,36,29.69,17,0
2010-11-28T03:51:00Z,48,35,30.16,10,0
2010-11-28T20:51:00Z,51,42,30.4,6,0
2010-11-29T11:51:00Z,39,48,30.52,5,0
2010-11-29T15:51:00Z,52,45,30.5,5,0
2010-11-30T01:51:00Z,71,48,30.439999999999998,7,0
2010-12-01T11:51:00Z,87,59,29.650000000000002,33,0.05
2010-12-02T01:51:00Z,55,38,29.93,11,0
2010-12-03T11:51:00Z,47,40,29.979999999999997,10,0
2010-12-05T09:51:00Z,47,33,29.67,18,0
2010-12-06T00:51:00Z,52,32,29.62,17,0
2010-12-06T09:51:00Z,58,33,29.53,26,0
2010-12-07T20:51:00Z,40,34,29.68,21,0
2010-12-08T02:51:00Z,40,31,29.77,21,0
2010-12-08T14:51:00Z,26,35,29.89,15,0
2010-12-09T00:51:00Z,46,27,30.1,9,0
2010-12-09T06:51:00Z,40,25,30.18,23,0
2010-12-10T01:51:00Z,46,22,30.4,5,0
2010-12-12T09:34:00Z,94,54,29.68,21,0.12000000000000001
2010-12-12T14:51:00Z,80,53,29.47,22,0
2010-12-12T15:51:00Z,80,52,29.45,20,0
2010-12-13T06:51:00Z,83,44,29.14,10,0
2010-12-13T21:46:00Z,64,27,29.3,20,0
2010-12-14T19:51:00Z,39,21,29.67,21,0
2010-12-15T17:51:00Z,37,26,29.759999999999998,15,0
2010-12-17T01:51:00Z,53,25,29.8,9,0
2010-12-17T08:51:00Z,51,29,29.91,11,0
2010-12-17T19:51:00Z,52,33,30.04,7,0
2010-12-17T20:51:00Z,56,32,30.06,11,0
2010-12-18T04:51:00Z,63,27,30.1,7,0
2010-12-18T15:51:00Z,48,35,30.06,7,0
2010-12-20T03:51:00Z,58,28,29.88,11,0
2010-12-20T18:51:00Z,48,34,29.82,20,0
2010-12-22T04:51:00Z,66,30,29.830000000000002,13,0
2010-12-22T06:51:00Z,66,30,29.84,23,0
2010-12-23T02:51:00Z,56,32,29.759999999999998,22,0
2010-12-23T12:51:00Z,44,36,29.779999999999998,33,0
2010-12-25T12:51:00Z,50,32,29.959999999999997,8,0
2010-12-26T14:51:00Z,89,29,29.51,23,0.04
2010-12-26T21:51:00Z,89,22,29.150000000000002,43,0.06
2010-12-27T04:06:00Z,86,21,29.1,29,0.01
2010-12-27T08:51:00Z,68,22,29.25,26,0
2010-12-30T07:51:00Z,88,25,30.22,0,0
2010-12-30T23:51:00Z,75,32,30.18,6,0
2010-12-31T23:51:00Z,76,35,30.130000000000003,8,0
2011-01-02T00:51:00Z,85,42,29.959999999999997,5,0
2011-01-02T23:51:00Z,57,36,29.939999999999998,26,0
2011-01-03T02:51:00Z,47,31,30.01,26,0
2011-01-03T10:51:00Z,42,33,30.150000000000002,18,0
2011-01-03T14:51:00Z,39,36,30.1,11,0
2011-01-07T15:23:00Z,87,32,29.37,8,0.01
2011-01-08T10:51:00Z,67,31,29.43,0,0
2011-01-09T15:51:00Z,43,32,29.93,22,0
2011-01-09T19:51:00Z,47,30,30.05,23,0
2011-01-10T14:51:00Z,42,35,30.150000000000002,13,0
2011-01-11T05:51:00Z,68,24,30.24,8,0
2011-01-11T10:51:00Z,63,28,30.24,8,0
2011-01-12T01:51:00Z,88,26,29.66,17,0.09
2011-01-12T02:05:00Z,86,27,29.650000000000002,18,0.02
2011-01-12T03:51:00Z,88,26,29.610000000000003,16,0.08
2011-01-12T15:51:00Z,59,31,29.64,22,0
2011-01-13T19:51:00Z,52,21,30.27,23,0
2011-01-14T05:51:00Z,62,19,30.3,9,0
2011-01-14T07:51:00Z,60,20,30.32,14,0
2011-01-14T19:51:00Z,51,27,30.3,14,0
2011-01-18T05:51:00Z,85,32,30.03,18,0.03
2011-01-19T10:51:00Z,86,37,29.71,8,0
2011-01-20T10:51:00Z,46,34,30.08,15,0
2011-01-21T00:51:00Z,64,32,29.71,8,0
2011-01-21T02:22:00Z,75,34,29.650000000000002,6,0
2011-01-21T16:51:00Z,66,27,29.69,24,0
2011-01-21T18:51:00Z,42,24,29.79,22,0
2011-01-22T01:51:00Z,45,17,29.9,17,0
2011-01-22T08:51:00Z,51,17,30,14,0
2011-01-22T09:51:00Z,52,18,30,8,0
2011-01-22T20:51:00Z,59,19,29.88,3,0
2011-01-23T03:51:00Z,57,18,29.87,7,0
2011-01-25T05:09:00Z,69,28,30.23,7,0
2011-01-26T09:33:00Z,93,30,30,11,0.06
2011-01-26T13:41:00Z,87,32,29.79,15,0.02
2011-01-26T19:58:00Z,81,34,29.54,22,0
2011-01-27T06:51:00Z,69,32,29.71,11,0
2011-01-27T16:51:00Z,48,36,29.8,14,0
2011-01-28T02:51:00Z,75,28,29.85,8,0
2011-01-28T05:51:00Z,78,25,29.85,6,0
2011-02-01T09:51:00Z,88,32,30.259999999999998,8,0
2011-02-01T23:13:00Z,86,27,30.21,9,0
2011-02-02T00:13:00Z,93,27,30.19,9,0
2011-02-02T03:51:00Z,85,30,30.02,17,0.08
2011-02-02T12:51:00Z,89,36,29.650000000000002,8,0
2011-02-02T23:51:00Z,54,34,29.979999999999997,17,0
2011-02-04T02:51:00Z,55,25,30.310000000000002,8,0
2011-02-04T04:51:00Z,65,20,30.3,11,0
2011-02-05T10:39:00Z,87,34,29.93,3,0.01
2011-02-05T18:46:00Z,93,41,29.419999999999998,5,0.02
2011-02-05T18:51:00Z,93,41,29.4,3,0.01
2011-02-05T20:59:00Z,93,39,29.38,32,0
2011-02-06T16:51:00Z,62,39,29.959999999999997,13,0
2011-02-06T17:51:00Z,65,38,29.979999999999997,8,0
2011-02-06T21:51:00Z,62,37,30.02,6,0
2011-02-07T22:51:00Z,82,39,29.75,10,0.04
2011-02-08T18:35:00Z,46,27,29.939999999999998,26,0
2011-02-10T13:51:00Z,29,28,30.01,14,0
2011-02-11T07:51:00Z,50,24,30.21,10,0
2011-02-12T10:51:00Z,46,37,29.84,13,0
2011-02-13T07:51:00Z,54,32,30.130000000000003,10,0
2011-02-14T14:51:00Z,27,59,29.419999999999998,31,0
2011-02-15T04:51:00Z,39,30,30.02,32,0
2011-02-16T02:51:00Z,52,24,30.41,0,0
2011-02-16T17:51:00Z,76,38,30.18,10,0
2011-02-18T19:51:00Z,67,57,29.6,15,0.06
2011-02-19T07:51:00Z,28,44,29.67,26,0
2011-02-20T11:51:00Z,32,34,30.14,21,0
2011-02-20T22:51:00Z,39,38,30.02,9,0
2011-02-21T04:51:00Z,85,31,29.830000000000002,8,0.06
2011-02-21T11:51:00Z,82,31,29.71,15,0
2011-02-21T16:51:00Z,56,30,29.810000000000002,16,0
2011-02-23T07:51:00Z,42,25,30.32,10,0
2011-02-24T09:51:00Z,43,38,30.24,7,0
2011-02-25T13:57:00Z,94,48,29.21,15,0
2011-02-26T14:51:00Z,32,42,30.14,9,0
2011-02-27T21:51:00Z,77,40,30.1,11,0
2011-02-28T13:51:00Z,78,57,29.49,5,0
2011-03-01T01:51:00Z,51,38,29.93,22,0
2011-03-01T14:51:00Z,16,45,30.23,9,0
2011-03-01T22:51:00Z,64,35,30.259999999999998,11,0
2011-03-02T21:51:00Z,29,30,30.3,25,0
2011-03-04T14:51:00Z,55,40,30.64,17,0
2011-03-05T23:51:00Z,83,47,30.18,14,0
2011-03-06T16:51:00Z,86,49,29.830000000000002,7,0.1
2011-03-07T02:55:00Z,88,50,29.43,21,0
2011-03-08T05:51:00Z,51,30,30.43,14,0
2011-03-08T07:51:00Z,45,33,30.5,13,0
2011-03-08T11:51:00Z,23,45,30.5,8,0
2011-03-09T13:51:00Z,62,41,30.57,18,0
2011-03-10T02:51:00Z,82,39,30.330000000000002,23,0
2011-03-11T08:51:00Z,90,47,29.779999999999998,17,0
2011-03-11T10:51:00Z,86,48,29.77,13,0
2011-03-13T07:51:00Z,38,49,29.939999999999998,17,0
2011-03-15T03:51:00Z,73,32,30.45,0,0
2011-03-17T07:51:00Z,58,48,30.19,10,0
2011-03-19T21:51:00Z,43,41,30.45,17,0
2011-03-22T02:51:00Z,71,46,29.84,16,0
2011-03-22T04:51:00Z,68,44,29.86,20,0
2011-03-23T12:14:00Z,87,36,29.8,3,0.03
2011-03-23T15:51:00Z,86,37,29.71,11,0
2011-03-23T16:51:00Z,86,36,29.650000000000002,18,0.03
2011-03-23T20:06:00Z,87,34,29.650000000000002,13,0.01
2011-03-23T21:21:00Z,87,34,29.610000000000003,15,0
2011-03-24T02:51:00Z,88,32,29.56,13,0.02
2011-03-24T16:51:00Z,40,43,29.75,14,0
2011-03-25T19:51:00Z,32,36,29.939999999999998,17,0
2011-03-26T05:51:00Z,45,27,30.02,14,0
2011-03-27T02:51:00Z,41,30,30.01,8,0
2011-03-27T04:51:00Z,43,29,29.979999999999997,10,0
2011-03-27T06:51:00Z,43,30,30,9,0
2011-03-27T17:51:00Z,21,42,29.88,20,0
2011-03-29T03:51:00Z,38,33,30.06,14,0
2011-03-29T04:51:00Z,41,32,30.06,14,0
2011-03-29T09:51:00Z,29,42,30.09,18,0
2011-03-29T17:51:00Z,27,46,30.06,23,0
2011-03-30T08:51:00Z,37,46,30.16,0,0
2011-03-30T09:51:00Z,36,47,30.16,0,0
2011-03-30T22:51:00Z,65,42,29.97,8,0
2011-03-31T00:51:00Z,68,42,29.919999999999998,0,0
2011-04-01T16:51:00Z,76,42,29.36,11,0.01
2011-04-01T18:51:00Z,66,45,29.39,15,0
2011-04-02T10:51:00Z,37,52,29.52,20,0
2011-04-02T17:51:00Z,25,53,29.55,16,0
2011-04-03T04:51:00Z,43,44,29.810000000000002,17,0
2011-04-05T13:46:00Z,71,45,29.419999999999998,30,0
2011-04-07T12:51:00Z,61,48,30.1,7,0
2011-04-09T19:51:00Z,58,44,30.14,7,0
2011-04-10T14:51:00Z,41,52,30.1,9,0
2011-04-11T08:51:00Z,92,51,29.79,11,0
2011-04-11T22:51:00Z,87,54,29.56,7,0
2011-04-13T00:17:00Z,76,46,29.959999999999997,24,0.04
2011-04-14T05:51:00Z,71,51,29.93,8,0
2011-04-14T11:51:00Z,45,63,30,13,0
2011-04-14T12:51:00Z,40,65,30.01,14,0
2011-04-15T01:51:00Z,55,52,30.23,16,0
2011-04-15T15:51:00Z,56,48,30.419999999999998,15,0
2011-04-15T18:51:00Z,68,44,30.419999999999998,13,0
2011-04-16T11:51:00Z,77,47,30.150000000000002,29,0
2011-04-16T17:12:00Z,87,48,29.82,33,0.01
2011-04-16T19:51:00Z,92,51,29.71,25,0.11
2011-04-17T08:51:00Z,57,55,29.650000000000002,29,0
2011-04-18T20:51:00Z,77,50,29.979999999999997,7,0
2011-04-19T04:51:00Z,77,48,29.959999999999997,6,0
2011-04-19T13:51:00Z,74,53,30.07,8,0
2011-04-19T17:51:00Z,71,51,30.04,10,0
2011-04-20T06:51:00Z,93,47,29.939999999999998,9,0
2011-04-20T07:51:00Z,93,48,29.919999999999998,7,0
2011-04-20T19:51:00Z,86,52,29.810000000000002,5,0
2011-04-21T12:51:00Z,26,59,30.110000000000003,23,0
2011-04-22T07:51:00Z,44,46,30.43,14,0
2011-04-23T02:51:00Z,86,45,30.27,16,0.03
2011-04-23T04:51:00Z,93,46,30.24,16,0.04
2011-04-23T09:51:00Z,93,49,30.12,14,0.26
2011-04-24T01:51:00Z,93,52,29.91,3,0
2011-04-24T16:51:00Z,75,62,29.939999999999998,5,0
2011-04-26T14:51:00Z,81,65,29.919999999999998,24,0
2011-04-26T15:51:00Z,86,62,29.91,28,0
2011-04-27T00:51:00Z,96,57,29.95,14,0
2011-04-27T08:51:00Z,83,59,30,11,0
2011-04-28T08:45:00Z,100,57,29.69,28,0
2011-04-28T12:51:00Z,93,60,29.66,25,0.01
2011-04-28T14:29:00Z,94,59,29.66,10,0.06
2011-04-28T17:51:00Z,90,59,29.630000000000003,10,0
2011-04-28T21:51:00Z,93,56,29.68,7,0
2011-05-01T12:51:00Z,46,61,30.29,14,0
2011-05-03T01:51:00Z,89,53,30.1,6,0
2011-05-04T13:51:00Z,86,52,29.939999999999998,11,0.04
2011-05-05T00:51:00Z,64,49,29.979999999999997,16,0
2011-05-05T11:51:00Z,29,63,29.9,21,0
2011-05-05T13:51:00Z,25,65,29.88,22,0
2011-05-05T17:51:00Z,20,63,29.89,23,0
2011-05-06T02:51:00Z,64,49,29.939999999999998,7,0
2011-05-06T19:51:00Z,74,57,29.87,20,0
2011-05-06T21:51:00Z,80,55,29.87,16,0
2011-05-07T16:28:00Z,40,66,29.810000000000002,21,0
2011-05-07T16:51:00Z,32,68,29.82,20,0
2011-05-07T21:51:00Z,49,59,29.85,9,0
2011-05-11T16:51:00Z,45,69,30.04,11,0
2011-05-12T03:51:00Z,64,59,30.08,3,0
2011-05-12T10:51:00Z,48,64,30.04,10,0
2011-05-13T15:51:00Z,62,62,29.87,8,0
2011-05-16T23:51:00Z,93,57,29.86,10,0
2011-05-17T09:46:00Z,88,59,29.89,15,0.01
2011-05-18T05:51:00Z,93,63,29.939999999999998,15,0
2011-05-18T19:51:00Z,93,64,29.93,10,0.02
2011-05-18T21:15:00Z,94,63,29.95,10,0
2011-05-20T08:51:00Z,78,64,29.959999999999997,8,0
2011-05-22T14:51:00Z,83,55,30.16,13,0
2011-05-23T08:51:00Z,90,60,30.04,10,0.01
2011-05-25T06:51:00Z,59,70,29.9,7,0
2011-05-25T08:51:00Z,48,75,29.919999999999998,6,0
2011-05-25T23:51:00Z,87,64,29.93,3,0
2011-05-26T02:51:00Z,93,62,29.93,3,0
2011-05-28T06:51:00Z,93,66,30.03,9,0
2011-05-28T14:51:00Z,74,75,30.02,17,0
2011-05-28T18:51:00Z,87,69,30.03,14,0
2011-05-29T05:51:00Z,96,66,30.110000000000003,6,0
2011-05-31T22:51:00Z,93,68,30.17,7,0
2011-06-01T09:51:00Z,79,75,30.06,11,0
2011-06-02T09:51:00Z,29,77,29.86,21,0
2011-06-02T11:51:00Z,29,78,29.84,22,0
2011-06-02T18:51:00Z,34,70,29.919999999999998,17,0
2011-06-03T06:51:00Z,40,63,30.07,11,0
2011-06-06T03:51:00Z,84,62,29.99,6,0
2011-06-07T02:51:00Z,81,65,29.959999999999997,10,0
2011-06-07T05:51:00Z,78,68,29.959999999999997,9,0
2011-06-08T04:51:00Z,84,69,29.89,6,0
2011-06-09T08:51:00Z,61,85,29.86,5,0
2011-06-11T02:27:00Z,94,66,29.99,7,0.09
2011-06-11T07:51:00Z,87,67,30,9,0
2011-06-11T14:51:00Z,90,66,29.939999999999998,6,0.02
2011-06-11T20:51:00Z,93,63,29.91,9,0
2011-06-13T02:51:00Z,93,63,29.84,6,0
2011-06-14T16:51:00Z,70,64,29.86,6,0
2011-06-16T07:51:00Z,62,74,29.919999999999998,6,0
2011-06-16T15:51:00Z,62,75,29.9,11,0
2011-06-16T21:51:00Z,82,70,29.919999999999998,14,0
2011-06-17T09:51:00Z,76,75,29.88,8,0
2011-06-17T10:51:00Z,74,75,29.88,9,0
2011-06-18T02:51:00Z,93,64,29.84,0,0
2011-06-18T06:51:00Z,81,71,29.86,3,0
2011-06-18T10:51:00Z,60,79,29.85,11,0
2011-06-19T17:51:00Z,50,74,29.810000000000002,7,0
2011-06-19T18:51:00Z,57,72,29.810000000000002,5,0
2011-06-20T09:51:00Z,55,75,29.9,5,0
2011-06-20T11:51:00Z,58,75,29.89,10,0
2011-06-21T04:51:00Z,78,69,29.91,7,0
2011-06-21T06:51:00Z,69,74,29.91,6,0
2011-06-22T04:51:00Z,78,69,29.91,6,0
2011-06-22T13:51:00Z,74,77,29.85,14,0
2011-06-23T08:51:00Z,94,72,29.759999999999998,11,0
2011-06-25T08:51:00Z,76,73,29.810000000000002,7,0
2011-06-26T10:51:00Z,49,80,29.919999999999998,8,0
2011-06-28T15:51:00Z,69,80,29.85,11,0
2011-06-29T21:51:00Z,47,76,29.89,10,0
2011-06-30T06:51:00Z,55,72,29.97,11,0
2011-06-30T13:51:00Z,33,84,29.919999999999998,13,0
2011-06-30T23:51:00Z,41,73,29.93,8,0
2011-07-02T07:51:00Z,47,79,30.07,3,0
2011-07-03T18:51:00Z,87,73,29.85,7,0
2011-07-03T21:51:00Z,91,72,29.85,3,0
2011-07-04T06:51:00Z,88,74,29.85,0,0
2011-07-04T15:51:00Z,74,80,29.79,14,0
2011-07-06T01:51:00Z,84,73,29.93,7,0
2011-07-06T08:51:00Z,67,81,29.93,7,0
2011-07-07T05:51:00Z,79,77,29.88,6,0
2011-07-07T09:51:00Z,51,87,29.9,9,0
2011-07-08T00:51:00Z,76,75,29.87,0,0
2011-07-09T03:51:00Z,87,70,29.73,8,0
2011-07-09T06:51:00Z,76,74,29.77,9,0
2011-07-09T07:51:00Z,67,78,29.8,8,0
2011-07-09T16:51:00Z,31,88,29.85,14,0
2011-07-10T01:51:00Z,57,72,30,6,0
2011-07-11T08:51:00Z,61,83,29.97,6,0
2011-07-11T14:51:00Z,59,86,29.88,20,0
2011-07-13T11:51:00Z,37,84,29.74,18,0
2011-07-13T23:51:00Z,51,70,29.85,14,0
2011-07-14T10:51:00Z,39,80,29.979999999999997,14,0
2011-07-14T15:51:00Z,55,75,30,17,0
2011-07-15T00:51:00Z,73,69,30.04,13,0
2011-07-17T11:51:00Z,46,86,30.14,11,0
2011-07-19T01:51:00Z,84,75,29.779999999999998,0,0
2011-07-19T13:51:00Z,53,89,29.79,10,0
2011-07-20T02:51:00Z,88,74,29.85,0,0
2011-07-20T23:51:00Z,94,73,29.86,8,0
2011-07-21T09:51:00Z,72,83,29.8,10,0
2011-07-23T08:51:00Z,41,94,29.88,14,0
2011-07-24T15:51:00Z,85,79,29.89,5,0.21000000000000002
2011-07-26T05:51:00Z,82,72,29.73,0,0
2011-07-28T11:51:00Z,43,86,30.03,13,0
2011-07-29T09:51:00Z,84,75,29.95,9,0
2011-07-29T14:51:00Z,74,81,29.86,13,0
2011-07-29T15:51:00Z,74,82,29.84,13,0
2011-07-29T20:51:00Z,82,77,29.830000000000002,14,0
2011-08-01T09:51:00Z,55,85,29.9,7,0
2011-08-03T22:51:00Z,90,68,29.74,10,0.14
2011-08-06T18:51:00Z,82,76,29.91,20,0
2011-08-07T16:51:00Z,72,84,29.56,8,0
2011-08-07T22:51:00Z,88,75,29.54,3,0
2011-08-09T07:51:00Z,69,79,29.64,10,0
2011-08-09T12:51:00Z,79,80,29.58,13,0
2011-08-09T13:36:00Z,84,79,29.57,11,0.01
2011-08-09T20:51:00Z,88,75,29.51,7,0
2011-08-13T22:51:00Z,64,77,29.979999999999997,10,0
2011-08-14T13:51:00Z,90,70,29.85,5,0.2
2011-08-15T15:51:00Z,67,79,29.62,9,0
2011-08-15T16:51:00Z,58,77,29.610000000000003,8,0
2011-08-15T21:51:00Z,79,71,29.67,6,0
2011-08-16T03:51:00Z,81,68,29.7,8,0
2011-08-16T07:51:00Z,87,66,29.77,8,0
2011-08-20T02:51:00Z,91,67,29.919999999999998,3,0
2011-08-20T15:51:00Z,56,79,29.939999999999998,11,0
2011-08-20T19:51:00Z,79,75,29.97,5,0
2011-08-24T08:51:00Z,62,74,30.1,10,0
2011-08-24T16:51:00Z,62,76,29.97,21,0
2011-08-25T14:51:00Z,84,75,29.89,16,0.01
2011-08-27T02:51:00Z,88,75,29.88,0,0
2011-08-27T10:22:00Z,89,77,29.86,8,0
2011-08-28T01:36:00Z,89,75,29.24,33,0.32999999999999996
2011-08-28T02:31:00Z,89,75,29.150000000000002,36,0.17
2011-08-30T05:51:00Z,84,63,30.08,5,0
2011-08-30T21:51:00Z,63,68,30.14,8,0
2011-09-02T01:51:00Z,78,65,30.110000000000003,0,0
2011-09-02T05:51:00Z,86,62,30.110000000000003,5,0
2011-09-05T02:51:00Z,76,72,29.830000000000002,10,0
2011-09-05T05:51:00Z,81,71,29.82,7,0
2011-09-05T06:51:00Z,82,72,29.82,13,0
2011-09-06T01:40:00Z,83,68,29.79,15,0
2011-09-08T02:18:00Z,94,66,29.959999999999997,7,0.02
2011-09-08T02:51:00Z,93,67,29.959999999999997,5,0.09
2011-09-08T03:51:00Z,93,66,29.97,8,0.05
2011-09-08T11:51:00Z,67,80,29.99,6,0
2011-09-10T05:51:00Z,76,70,29.86,7,0
2011-09-10T23:51:00Z,81,68,30.03,9,0
2011-09-11T04:51:00Z,84,63,30.07,6,0
2011-09-13T02:51:00Z,84,68,29.939999999999998,7,0
2011-09-13T13:51:00Z,65,79,29.9,16,0
2011-09-14T22:51:00Z,87,72,29.919999999999998,7,0
2011-09-17T00:51:00Z,55,57,30.34,7,0
2011-09-17T02:51:00Z,59,54,30.35,8,0
2011-09-17T06:51:00Z,64,55,30.41,10,0
2011-09-17T22:51:00Z,72,54,30.41,6,0
2011-09-17T23:51:00Z,72,54,30.41,6,0
2011-09-19T05:51:00Z,83,52,30.310000000000002,6,0
2011-09-19T12:51:00Z,50,66,30.23,7,0
2011-09-20T05:51:00Z,78,64,30.110000000000003,9,0
2011-09-20T19:51:00Z,81,67,30.150000000000002,0,0
2011-09-21T04:51:00Z,93,64,30.21,0,0
2011-09-21T14:51:00Z,73,71,30.19,11,0
2011-09-21T23:51:00Z,93,69,30.130000000000003,5,0
2011-09-22T00:51:00Z,93,69,30.110000000000003,7,0
2011-09-24T08:51:00Z,91,72,30.03,8,0
2011-09-25T12:51:00Z,71,77,30.04,10,0
2011-09-26T06:52:00Z,93,70,30,3,0
2011-09-26T07:51:00Z,87,73,29.99,3,0
2011-09-26T17:51:00Z,87,71,29.93,6,0
2011-09-27T03:51:00Z,96,68,29.95,0,0
2011-09-27T06:51:00Z,93,69,29.95,3,0
2011-09-29T09:51:00Z,87,72,29.72,11,0
2011-09-29T17:51:00Z,84,66,29.630000000000003,6,0
2011-09-30T02:51:00Z,83,59,29.71,7,0
2011-10-01T12:51:00Z,66,67,29.630000000000003,8,0
2011-10-01T14:51:00Z,66,67,29.650000000000002,10,0
2011-10-01T16:51:00Z,70,64,29.67,11,0
2011-10-01T22:51:00Z,77,53,29.73,14,0
2011-10-02T05:51:00Z,81,56,29.74,14,0
2011-10-02T06:51:00Z,77,56,29.77,14,0
2011-10-02T15:51:00Z,58,61,29.810000000000002,13,0
2011-10-02T19:51:00Z,69,55,29.88,11,0
2011-10-03T02:51:00Z,71,50,29.939999999999998,6,0
2011-10-04T11:51:00Z,67,61,29.979999999999997,14,0
2011-10-06T03:51:00Z,52,48,30.32,6,0
2011-10-06T09:51:00Z,26,62,30.35,8,0
2011-10-08T17:51:00Z,76,65,30.39,8,0
2011-10-09T01:51:00Z,83,57,30.38,6,0
2011-10-09T03:51:00Z,81,59,30.38,6,0
2011-10-09T19:51:00Z,70,69,30.279999999999998,8,0
2011-10-10T01:51:00Z,65,63,30.24,6,0
2011-10-10T10:51:00Z,39,80,30.23,9,0
2011-10-10T18:51:00Z,51,73,30.130000000000003,7,0
2011-10-11T06:51:00Z,63,66,30.18,8,0
2011-10-11T11:51:00Z,31,74,30.17,6,0
2011-10-11T14:51:00Z,55,68,30.150000000000002,13,0
2011-10-12T00:51:00Z,65,62,30.150000000000002,5,0
2011-10-12T08:51:00Z,67,61,30.150000000000002,13,0
2011-10-12T15:51:00Z,80,60,30.01,16,0
2011-10-13T05:51:00Z,90,61,29.79,13,0
2011-10-13T21:05:00Z,94,64,29.71,13,0
2011-10-14T02:51:00Z,90,68,29.6,13,0
2011-10-14T05:51:00Z,90,68,29.57,15,0
2011-10-14T20:51:00Z,67,62,29.479999999999997,20,0
2011-10-15T02:51:00Z,62,57,29.6,20,0
2011-10-16T13:51:00Z,33,68,29.82,20,0
2011-10-16T20:51:00Z,46,64,29.74,17,0
2011-10-17T05:51:00Z,56,60,29.7,10,0
2011-10-18T10:51:00Z,34,66,29.87,7,0
2011-10-18T12:51:00Z,22,68,29.84,8,0
2011-10-18T13:51:00Z,22,67,29.84,6,0
2011-10-19T02:21:00Z,77,63,29.830000000000002,5,0
2011-10-20T23:51:00Z,62,55,29.72,18,0
2011-10-21T09:51:00Z,49,57,29.9,16,0
2011-10-21T15:51:00Z,51,57,29.939999999999998,17,0
2011-10-21T17:51:00Z,51,56,29.97,14,0
2011-10-22T15:51:00Z,50,58,30.03,14,0
2011-10-23T03:51:00Z,64,52,30.09,3,0
2011-10-24T02:51:00Z,80,50,30.110000000000003,6,0
2011-10-25T03:51:00Z,66,53,29.979999999999997,9,0
2011-10-26T04:51:00Z,69,49,29.959999999999997,7,0
2011-10-27T14:48:00Z,93,46,29.6,11,0
2011-10-29T21:51:00Z,96,33,29.86,21,0.06
2011-10-30T09:51:00Z,58,40,30.150000000000002,17,0
2011-10-31T07:51:00Z,86,40,30.39,0,0
2011-10-31T12:51:00Z,53,54,30.35,8,0
2011-10-31T17:51:00Z,59,51,30.34,3,0
2011-11-02T10:51:00Z,49,54,30.39,5,0
2011-11-03T06:51:00Z,79,46,30.17,10,0
2011-11-04T19:51:00Z,34,47,30.19,21,0
2011-11-06T14:51:00Z,55,53,30.43,7,0
2011-11-08T03:51:00Z,89,48,30.23,3,0
2011-11-08T07:51:00Z,75,54,30.259999999999998,0,0
2011-11-09T17:51:00Z,78,57,30.09,6,0
2011-11-10T06:51:00Z,97,54,29.91,3,0
2011-11-10T16:51:00Z,83,59,29.66,10,0
2011-11-12T08:51:00Z,50,46,30.12,18,0
2011-11-13T08:51:00Z,64,52,30.14,15,0
2011-11-14T22:51:00Z,83,57,29.759999999999998,10,0
2011-11-16T04:51:00Z,90,55,29.919999999999998,6,0.02
2011-11-16T08:51:00Z,87,56,29.919999999999998,0,0
2011-11-16T22:51:00Z,90,55,29.73,5,0.01
2011-11-17T12:32:00Z,53,46,29.810000000000002,18,0
2011-11-17T23:51:00Z,49,41,30.03,14,0
2011-11-20T12:51:00Z,56,62,30.09,16,0
2011-11-22T08:51:00Z,80,49,30.35,8,0
2011-11-22T17:15:00Z,87,48,30.22,13,0.07
2011-11-23T02:51:00Z,93,53,29.75,13,0.01
2011-11-23T17:20:00Z,81,45,29.74,18,0
2011-11-24T00:51:00Z,73,41,30.01,10,0
2011-11-24T21:51:00Z,66,48,30.16,9,0
2011-11-25T13:51:00Z,39,61,30.1,11,0
2011-11-25T20:51:00Z,66,51,30.12,9,0
2011-11-27T07:51:00Z,97,49,30.150000000000002,3,0
2011-11-27T13:51:00Z,72,59,30.110000000000003,7,0
2011-11-27T21:51:00Z,87,55,30.130000000000003,20,0
2011-11-28T05:51:00Z,90,54,30.130000000000003,8,0
2011-11-28T07:51:00Z,87,56,30.150000000000002,10,0
2011-11-28T12:51:00Z,65,64,30.1,17,0
2011-11-30T05:51:00Z,80,47,29.67,17,0
2011-11-30T08:51:00Z,74,47,29.7,18,0
2011-12-02T17:51:00Z,38,50,30.34,10,0
2011-12-04T02:51:00Z,86,37,30.59,3,0
2011-12-04T07:51:00Z,76,43,30.56,0,0
2011-12-05T04:51:00Z,92,51,30.34,6,0
2011-12-05T09:51:00Z,96,50,30.37,0,0
2011-12-05T13:51:00Z,89,52,30.3,5,0
2011-12-06T10:48:00Z,94,55,30.06,13,0.02
2011-12-07T00:51:00Z,93,56,29.88,10,0
2011-12-07T11:51:00Z,93,52,29.73,7,0.08
2011-12-07T13:51:00Z,93,53,29.66,7,0.07
2011-12-08T10:51:00Z,45,42,30.09,26,0
2011-12-08T15:51:00Z,41,44,30.16,10,0
2011-12-09T00:51:00Z,59,37,30.310000000000002,3,0
2011-12-09T05:51:00Z,70,35,30.32,8,0
2011-12-10T10:51:00Z,46,45,30.27,18,0
2011-12-10T14:51:00Z,38,42,30.27,14,0
2011-12-11T10:51:00Z,34,37,30.64,3,0
2011-12-11T16:51:00Z,52,34,30.6,7,0
2011-12-11T19:51:00Z,48,36,30.62,7,0
2011-12-11T20:51:00Z,54,34,30.630000000000003,7,0
2011-12-12T13:51:00Z,43,42,30.52,7,0
2011-12-12T15:51:00Z,41,41,30.5,6,0
2011-12-13T06:51:00Z,61,31,30.37,5,0
2011-12-13T15:51:00Z,30,45,30.3,16,0
2011-12-13T17:51:00Z,41,42,30.330000000000002,10,0
2011-12-13T19:51:00Z,55,42,30.34,13,0
2011-12-15T03:51:00Z,71,49,30.23,15,0
2011-12-15T04:51:00Z,77,48,30.22,9,0
2011-12-15T17:51:00Z,80,52,29.85,14,0
2011-12-17T04:51:00Z,59,37,30.09,9,0
2011-12-18T01:51:00Z,49,29,30.150000000000002,10,0
2011-12-20T11:51:00Z,49,45,30.14,11,0
2011-12-20T14:51:00Z,46,46,30.150000000000002,3,0
2011-12-21T06:51:00Z,86,50,30.05,10,0
2011-12-21T21:51:00Z,93,54,29.71,14,0
2011-12-22T22:51:00Z,77,49,29.99,3,0
2011-12-23T00:51:00Z,89,48,29.9,3,0.1
2011-12-24T12:51:00Z,46,36,30.38,9,0
2011-12-25T07:51:00Z,64,32,30.34,0,0
2011-12-25T09:51:00Z,53,40,30.310000000000002,15,0
2011-12-26T21:51:00Z,65,37,30.25,5,0
2011-12-27T08:51:00Z,66,45,30.09,20,0
2011-12-27T21:37:00Z,88,54,29.35,18,0.09
2011-12-29T23:51:00Z,65,37,30.01,5,0
2011-12-30T21:51:00Z,89,46,29.99,7,0
2012-01-01T15:51:00Z,71,49,29.86,25,0
2012-01-01T16:51:00Z,80,48,29.86,14,0
2012-01-02T05:51:00Z,43,40,29.71,21,0
2012-01-04T00:51:00Z,42,15,30.130000000000003,22,0
2012-01-04T04:51:00Z,54,13,30.17,11,0
2012-01-04T06:51:00Z,53,14,30.19,9,0
2012-01-05T12:51:00Z,43,39,29.84,15,0
2012-01-06T02:51:00Z,60,38,29.939999999999998,11,0
2012-01-06T19:51:00Z,66,45,29.79,5,0
2012-01-07T02:51:00Z,76,38,29.77,7,0
2012-01-07T03:51:00Z,73,39,29.759999999999998,9,0
2012-01-07T05:51:00Z,73,39,29.759999999999998,7,0
2012-01-07T08:51:00Z,71,45,29.79,8,0
2012-01-08T07:51:00Z,47,42,30.14,9,0
2012-01-10T02:51:00Z,54,37,29.95,8,0
2012-01-12T00:33:00Z,87,45,29.79,17,0.09
2012-01-12T23:51:00Z,89,43,29.49,7,0
2012-01-13T09:36:00Z,75,39,29.4,25,0
2012-01-14T15:51:00Z,43,32,29.959999999999997,17,0
2012-01-16T05:51:00Z,51,15,30.6,5,0
2012-01-17T01:51:00Z,79,37,30.12,14,0.02
2012-01-18T11:51:00Z,33,42,29.919999999999998,18,0
2012-01-18T15:51:00Z,32,35,30,30,0
2012-01-18T19:51:00Z,41,28,30.130000000000003,17,0
2012-01-19T08:51:00Z,53,23,30.259999999999998,8,0
2012-01-20T09:51:00Z,34,27,30.19,24,0
2012-01-21T05:51:00Z,81,24,30.12,10,0
2012-01-22T03:51:00Z,71,20,30.4,14,0
2012-01-24T03:51:00Z,86,49,29.919999999999998,11,0
2012-01-25T22:51:00Z,55,38,30.21,8,0
2012-01-26T00:51:00Z,55,38,30.19,7,0
2012-01-27T05:12:00Z,94,50,29.610000000000003,8,0
2012-01-28T20:51:00Z,65,43,29.959999999999997,17,0
2012-01-30T23:51:00Z,43,38,30.259999999999998,14,0
2012-01-31T21:51:00Z,80,43,30.05,8,0
2012-02-01T13:51:00Z,43,63,29.87,20,0
2012-02-01T21:51:00Z,55,52,29.959999999999997,9,0
2012-02-02T10:51:00Z,56,43,30.04,9,0
2012-02-02T17:51:00Z,51,44,30.07,16,0
2012-02-02T23:51:00Z,48,37,30.23,22,0
2012-02-03T07:51:00Z,49,31,30.419999999999998,18,0
2012-02-03T13:51:00Z,32,43,30.36,9,0
2012-02-04T10:51:00Z,37,44,30.25,7,0
2012-02-05T21:51:00Z,44,35,30.17,11,0
2012-02-06T11:51:00Z,42,45,30.08,14,0
2012-02-07T03:51:00Z,70,37,29.959999999999997,11,0
2012-02-08T18:05:00Z,75,34,30.130000000000003,3,0
2012-02-11T06:51:00Z,92,33,29.779999999999998,0,0.01
2012-02-11T08:51:00Z,85,34,29.759999999999998,7,0
2012-02-12T03:51:00Z,27,23,29.77,28,0
2012-02-12T10:51:00Z,41,29,29.830000000000002,14,0
2012-02-13T15:51:00Z,32,43,29.939999999999998,17,0
2012-02-13T22:51:00Z,45,39,30.03,11,0
2012-02-16T12:51:00Z,73,42,30.21,3,0
2012-02-16T13:51:00Z,79,42,30.17,5,0.03
2012-02-16T17:51:00Z,76,42,30.1,8,0
2012-02-17T20:51:00Z,40,42,30,7,0
2012-02-17T23:51:00Z,45,42,29.99,11,0
2012-02-19T02:51:00Z,64,36,30.03,11,0
2012-02-19T03:51:00Z,62,36,30.04,7,0
2012-02-23T07:51:00Z,77,49,29.43,9,0
2012-02-25T16:51:00Z,43,42,29.68,32,0
2012-02-26T20:51:00Z,48,37,30.43,5,0
2012-02-26T22:51:00Z,48,38,30.43,0,0
2012-02-28T01:51:00Z,41,47,30.17,21,0
2012-02-28T02:51:00Z,43,44,30.22,23,0
2012-02-28T07:51:00Z,41,42,30.34,15,0
2012-02-28T08:51:00Z,38,44,30.34,16,0
2012-02-29T15:00:00Z,81,43,29.99,13,0.01
2012-02-29T18:38:00Z,87,41,29.91,17,0
2012-02-29T21:51:00Z,89,42,29.830000000000002,21,0
2012-03-01T05:51:00Z,86,40,29.64,11,0
2012-03-01T16:51:00Z,79,41,29.779999999999998,11,0
2012-03-02T12:51:00Z,73,39,30.08,11,0
2012-03-03T07:51:00Z,97,49,29.49,6,0
2012-03-03T20:51:00Z,26,52,29.630000000000003,14,0
2012-03-06T11:51:00Z,29,38,30.610000000000003,10,0
2012-03-07T05:51:00Z,70,39,30.56,10,0
2012-03-07T08:51:00Z,58,44,30.55,11,0
2012-03-08T08:51:00Z,75,52,30.23,16,0
2012-03-10T09:51:00Z,32,35,30.47,21,0
2012-03-12T21:51:00Z,77,50,30.14,10,0
2012-03-13T10:51:00Z,89,52,30.03,9,0
2012-03-14T20:51:00Z,66,52,30.150000000000002,3,0
2012-03-15T11:51:00Z,74,47,30.32,10,0
2012-03-16T00:51:00Z,89,43,30.259999999999998,13,0
2012-03-18T01:51:00Z,86,46,30.35,9,0
2012-03-19T01:51:00Z,89,46,30.19,6,0
2012-03-20T13:51:00Z,70,66,30.279999999999998,8,0
2012-03-20T20:51:00Z,87,56,30.29,5,0
2012-03-21T12:51:00Z,75,64,30.32,8,0
2012-03-23T04:51:00Z,93,56,30.03,0,0
2012-03-23T05:51:00Z,84,61,30.04,0,0
2012-03-24T05:51:00Z,59,54,30.05,11,0
2012-03-25T01:51:00Z,79,46,29.919999999999998,16,0
2012-03-26T23:51:00Z,23,35,30.110000000000003,17,0
2012-03-27T01:51:00Z,24,33,30.130000000000003,17,0
2012-03-27T20:51:00Z,22,43,30.21,0,0
2012-03-29T22:51:00Z,44,45,30,17,0
2012-04-01T02:51:00Z,74,43,29.87,0,0
2012-04-01T17:51:00Z,83,47,29.69,15,0.11
2012-04-03T04:51:00Z,38,41,29.89,8,0
2012-04-03T08:51:00Z,25,49,29.91,15,0
2012-04-06T02:51:00Z,45,40,29.939999999999998,9,0
2012-04-06T12:51:00Z,26,54,29.93,10,0
2012-04-06T15:51:00Z,18,58,29.87,8,0
2012-04-07T09:51:00Z,19,52,30.05,10,0
2012-04-08T12:51:00Z,20,63,29.73,22,0
2012-04-11T10:51:00Z,43,52,29.82,13,0
2012-04-11T13:51:00Z,35,53,29.79,13,0
2012-04-11T15:51:00Z,32,52,29.810000000000002,8,0
2012-04-12T21:51:00Z,59,51,30.09,7,0
2012-04-13T10:51:00Z,27,58,30.18,8,0
2012-04-13T12:51:00Z,29,61,30.16,9,0
2012-04-13T16:51:00Z,47,55,30.12,21,0
2012-04-13T20:51:00Z,59,51,30.14,13,0
2012-04-14T00:51:00Z,64,49,30.150000000000002,9,0
2012-04-15T10:51:00Z,55,68,30,14,0
2012-04-17T01:51:00Z,78,59,29.9,0,0
2012-04-19T08:51:00Z,69,54,30.12,7,0
2012-04-19T11:51:00Z,60,59,30.09,9,0
2012-04-20T03:51:00Z,86,49,29.99,6,0
2012-04-20T05:51:00Z,92,51,30,3,0
2012-04-20T17:41:00Z,59,59,29.91,14,0
2012-04-22T08:51:00Z,71,51,29.77,13,0
2012-04-22T10:51:00Z,77,50,29.74,17,0
2012-04-22T20:51:00Z,89,50,29.41,25,0.28
2012-04-23T08:51:00Z,86,51,29.21,21,0
2012-04-24T08:51:00Z,52,48,29.52,20,0
2012-04-24T15:51:00Z,55,56,29.56,29,0
2012-04-24T23:51:00Z,43,50,29.72,8,0
2012-04-25T19:51:00Z,72,52,29.85,3,0
2012-04-26T22:51:00Z,93,55,29.58,6,0
2012-04-27T07:51:00Z,44,50,29.8,24,0
2012-04-27T17:51:00Z,36,48,30.01,22,0
2012-04-28T03:51:00Z,49,40,30.16,11,0
2012-04-28T09:51:00Z,33,49,30.23,15,0
2012-04-29T10:51:00Z,21,58,30.150000000000002,11,0
2012-04-30T16:51:00Z,50,52,30.25,16,0
2012-05-02T02:51:00Z,80,52,30.1,8,0
2012-05-02T20:51:00Z,83,52,30.16,7,0
2012-05-04T03:51:00Z,96,53,30.01,5,0
2012-05-04T08:51:00Z,87,59,29.99,7,0
2012-05-04T20:51:00Z,90,57,29.9,3,0
2012-05-04T23:51:00Z,90,57,29.89,3,0
2012-05-06T02:51:00Z,87,55,30.03,3,0
2012-05-06T09:51:00Z,72,59,30.110000000000003,7,0
2012-05-08T22:51:00Z,87,58,29.84,8,0
2012-05-09T01:33:00Z,94,57,29.79,8,0.03
2012-05-09T13:51:00Z,93,60,29.67,8,0
2012-05-10T05:20:00Z,88,57,29.51,6,0.02
2012-05-10T13:51:00Z,37,65,29.58,22,0
2012-05-10T18:51:00Z,33,60,29.72,17,0
2012-05-12T15:51:00Z,39,71,30.14,15,0
2012-05-12T17:51:00Z,49,66,30.130000000000003,11,0
2012-05-13T00:51:00Z,65,62,30.16,10,0
2012-05-14T00:51:00Z,75,64,30.09,7,0
2012-05-15T13:51:00Z,93,61,29.97,11,0.17
2012-05-15T15:51:00Z,93,62,29.95,14,0
2012-05-16T09:51:00Z,81,67,29.9,9,0
2012-05-17T09:51:00Z,40,63,30.09,7,0
2012-05-17T13:51:00Z,23,72,30.06,10,0
2012-05-18T18:51:00Z,44,60,30.17,6,0
2012-05-19T07:51:00Z,36,65,30.150000000000002,6,0
2012-05-19T08:51:00Z,32,70,30.14,8,0
2012-05-19T12:51:00Z,46,71,30.130000000000003,13,0
2012-05-19T21:51:00Z,56,61,30.16,0,0
2012-05-20T21:51:00Z,78,64,30.22,9,0
2012-05-21T05:51:00Z,81,61,30.16,10,0
2012-05-21T10:28:00Z,94,63,30.14,9,0.04
2012-05-21T14:38:00Z,94,63,30.07,11,0.02
2012-05-21T14:51:00Z,90,63,30.07,10,0
2012-05-21T16:51:00Z,90,62,30.05,9,0
2012-05-22T05:51:00Z,90,62,29.87,7,0
2012-05-22T07:51:00Z,90,64,29.86,8,0.01
2012-05-22T09:13:00Z,88,64,29.86,5,0
2012-05-24T11:51:00Z,87,67,30.17,11,0
2012-05-26T17:37:00Z,94,72,30.09,9,0.18
2012-05-27T06:51:00Z,73,70,30.16,10,0
2012-05-29T22:51:00Z,84,72,29.759999999999998,3,0
2012-05-30T00:51:00Z,90,71,29.75,9,0
2012-05-30T14:51:00Z,74,74,29.72,8,0
2012-05-31T22:51:00Z,49,70,29.91,7,0
2012-06-01T01:51:00Z,58,64,29.95,7,0
2012-06-01T12:51:00Z,78,66,29.979999999999997,23,0
2012-06-01T17:51:00Z,86,62,29.9,20,0
2012-06-02T06:51:00Z,93,67,29.67,10,0
2012-06-03T00:51:00Z,58,62,29.75,0,0
2012-06-03T01:51:00Z,67,59,29.74,0,0
2012-06-03T19:51:00Z,59,68,29.64,14,0
2012-06-06T18:51:00Z,78,64,29.95,16,0
2012-06-06T20:09:00Z,83,61,29.959999999999997,14,0
2012-06-07T06:51:00Z,75,66,29.959999999999997,7,0
2012-06-07T16:51:00Z,66,69,29.91,13,0
2012-06-08T00:51:00Z,87,63,29.919999999999998,8,0
2012-06-08T04:51:00Z,84,61,29.91,0,0
2012-06-08T23:51:00Z,64,70,29.84,8,0
2012-06-09T08:51:00Z,55,72,29.919999999999998,8,0
2012-06-09T16:51:00Z,60,74,29.88,5,0
2012-06-10T08:51:00Z,66,77,30.04,3,0
2012-06-11T13:51:00Z,62,73,30.23,16,0
2012-06-13T18:51:00Z,93,67,30,7,0
2012-06-13T22:51:00Z,97,65,30.05,3,0
2012-06-14T17:51:00Z,70,69,30.2,9,0
2012-06-19T05:51:00Z,81,65,30.16,9,0
2012-06-19T07:51:00Z,79,67,30.16,9,0
2012-06-20T09:51:00Z,63,85,30.03,8,0
2012-06-21T14:51:00Z,41,94,29.79,16,0
2012-06-21T15:51:00Z,46,93,29.77,17,0
2012-06-21T17:51:00Z,59,86,29.759999999999998,10,0
2012-06-21T23:51:00Z,55,86,29.77,9,0
2012-06-22T04:51:00Z,85,76,29.759999999999998,7,0
2012-06-23T00:51:00Z,87,73,29.810000000000002,3,0
2012-06-23T11:51:00Z,31,85,29.85,9,0
2012-06-24T12:51:00Z,42,81,29.959999999999997,11,0
2012-06-24T22:51:00Z,84,73,29.89,9,0
2012-06-26T14:51:00Z,44,72,29.68,21,0
2012-06-27T06:51:00Z,53,68,29.759999999999998,15,0
2012-06-27T16:51:00Z,26,83,29.71,23,0
2012-06-27T18:51:00Z,26,81,29.73,16,0
2012-06-28T20:51:00Z,56,79,29.72,8,0
2012-06-28T22:51:00Z,69,75,29.73,8,0
2012-06-29T05:40:00Z,83,72,29.66,5,0.01
2012-06-29T06:51:00Z,84,72,29.66,3,0
2012-06-30T10:51:00Z,26,92,29.74,10,0
2012-06-30T19:51:00Z,56,82,29.74,10,0
2012-07-02T12:51:00Z,32,85,29.87,10,0
2012-07-03T05:51:00Z,52,76,29.919999999999998,5,0
2012-07-03T16:51:00Z,54,80,29.86,20,0
2012-07-05T15:51:00Z,42,90,29.73,6,0
2012-07-06T05:51:00Z,74,75,29.9,5,0
2012-07-07T02:51:00Z,88,75,29.830000000000002,6,0
2012-07-07T12:51:00Z,32,99,29.8,17,0
2012-07-09T06:51:00Z,54,74,29.919999999999998,8,0
2012-07-09T15:51:00Z,49,79,29.919999999999998,14,0
2012-07-10T08:51:00Z,44,79,30.03,3,0
2012-07-11T20:51:00Z,79,73,30.17,6,0
2012-07-12T03:51:00Z,84,69,30.17,0,0
2012-07-12T09:51:00Z,60,80,30.18,7,0
2012-07-13T01:51:00Z,73,72,30.17,7,0
2012-07-13T08:51:00Z,51,82,30.19,7,0
2012-07-14T04:51:00Z,54,77,30.17,8,0
2012-07-14T22:51:00Z,72,76,30.150000000000002,8,0
2012-07-15T13:51:00Z,72,84,30.01,10,0
2012-07-16T08:51:00Z,69,81,29.88,13,0
2012-07-16T11:51:00Z,57,87,29.830000000000002,15,0
2012-07-17T23:51:00Z,63,83,29.79,9,0
2012-07-18T09:51:00Z,52,91,29.82,9,0
2012-07-19T19:51:00Z,76,72,29.95,7,0
2012-07-20T18:51:00Z,87,64,30.03,8,0
2012-07-21T11:51:00Z,55,75,30.08,10,0
2012-07-25T03:51:00Z,49,69,29.810000000000002,8,0
2012-07-25T05:51:00Z,46,71,29.84,10,0
2012-07-27T09:51:00Z,65,84,29.75,11,0
2012-07-27T18:51:00Z,61,84,29.8,9,0
2012-07-28T01:51:00Z,82,78,29.85,0,0
2012-07-28T07:51:00Z,88,75,29.9,8,0
2012-07-28T14:51:00Z,74,78,29.88,10,0
2012-07-29T19:51:00Z,81,73,30.01,3,0
2012-07-31T12:51:00Z,66,77,29.979999999999997,8,0
2012-07-31T17:51:00Z,76,74,29.919999999999998,8,0
2012-08-01T05:51:00Z,84,75,29.9,9,0
2012-08-01T21:51:00Z,88,74,29.84,0,0
2012-08-02T03:51:00Z,87,72,29.84,6,0
2012-08-02T09:51:00Z,67,82,29.88,7,0
2012-08-02T11:51:00Z,57,84,29.87,11,0
2012-08-02T23:51:00Z,82,77,29.919999999999998,11,0
2012-08-03T13:51:00Z,67,86,30.02,13,0
2012-08-04T11:51:00Z,61,86,30.2,13,0
2012-08-06T04:51:00Z,91,76,29.97,8,0
2012-08-07T23:51:00Z,82,75,29.979999999999997,0,0
2012-08-08T00:51:00Z,85,74,29.97,0,0
2012-08-09T15:51:00Z,72,82,29.89,17,0
2012-08-10T12:25:00Z,94,72,29.79,5,0.75
2012-08-10T18:51:00Z,87,78,29.77,11,0
2012-08-10T22:51:00Z,91,76,29.79,8,0
2012-08-11T07:51:00Z,85,79,29.84,8,0
2012-08-11T12:51:00Z,72,84,29.84,14,0
2012-08-12T08:51:00Z,44,82,29.91,6,0
2012-08-12T22:51:00Z,52,78,29.93,8,0
2012-08-14T08:51:00Z,62,79,29.95,0,0
2012-08-15T08:51:00Z,76,80,29.85,3,0
2012-08-16T07:51:00Z,69,75,29.89,7,0
2012-08-16T14:51:00Z,37,85,29.86,6,0
2012-08-16T21:51:00Z,56,78,29.87,9,0
2012-08-16T22:51:00Z,62,75,29.88,8,0
2012-08-17T07:51:00Z,64,77,29.86,6,0
2012-08-19T23:51:00Z,61,71,29.919999999999998,7,0
2012-08-20T23:51:00Z,73,70,29.919999999999998,5,0
2012-08-21T00:51:00Z,71,71,29.919999999999998,3,0
2012-08-21T13:51:00Z,56,78,30.02,8,0
2012-08-23T00:51:00Z,84,70,30.130000000000003,3,0
2012-08-23T12:51:00Z,62,81,30.14,15,0
2012-08-24T22:51:00Z,85,74,30.18,0,0
2012-08-25T12:51:00Z,60,82,30.23,13,0
2012-08-26T00:51:00Z,78,69,30.259999999999998,5,0
2012-08-27T04:51:00Z,91,72,30.150000000000002,5,0
2012-08-27T06:51:00Z,84,75,30.17,3,0
2012-08-27T12:12:00Z,83,72,30.12,13,0.02
2012-08-28T05:24:00Z,94,75,29.86,10,0.01
2012-08-28T06:51:00Z,94,75,29.85,16,0.02
2012-08-29T14:51:00Z,34,79,29.939999999999998,9,0
2012-08-29T17:51:00Z,43,75,29.939999999999998,5,0
2012-08-29T23:51:00Z,73,70,30.01,0,0
2012-08-30T17:51:00Z,45,79,30.04,14,0
2012-08-30T18:51:00Z,56,77,30.04,11,0
2012-08-31T02:51:00Z,78,66,30.05,8,0
2012-08-31T21:51:00Z,62,79,29.919999999999998,13,0
2012-09-01T02:51:00Z,62,77,29.91,7,0
2012-09-01T10:51:00Z,48,86,29.979999999999997,9,0
2012-09-01T17:51:00Z,82,76,29.99,10,0
2012-09-02T10:51:00Z,67,78,30.06,5,0
2012-09-03T09:51:00Z,71,74,30.150000000000002,14,0
2012-09-04T00:51:00Z,87,72,30.06,10,0
2012-09-05T08:51:00Z,85,79,29.779999999999998,11,0
2012-09-05T14:51:00Z,79,79,29.759999999999998,0,0
2012-09-07T00:51:00Z,87,73,29.88,5,0
2012-09-07T11:51:00Z,76,80,29.91,10,0
2012-09-08T09:51:00Z,87,78,29.73,23,0
2012-09-08T13:51:00Z,79,82,29.62,28,0
2012-09-09T04:51:00Z,78,66,29.8,7,0
2012-09-10T12:51:00Z,38,73,29.959999999999997,20,0
2012-09-13T16:51:00Z,62,73,30.29,13,0
2012-09-15T16:51:00Z,37,72,30.06,18,0
2012-09-15T19:51:00Z,40,68,30.08,13,0
2012-09-15T21:51:00Z,49,65,30.09,9,0
2012-09-16T11:51:00Z,40,73,30.08,9,0
2012-09-16T21:51:00Z,45,65,30.06,8,0
2012-09-18T02:51:00Z,76,72,29.95,15,0
2012-09-18T05:51:00Z,81,73,29.9,23,0
2012-09-18T19:51:00Z,96,68,29.69,22,1.1900000000000002
2012-09-18T19:55:00Z,94,68,29.68,18,0.03
2012-09-20T00:51:00Z,72,56,30.17,3,0
2012-09-20T09:51:00Z,63,68,30.18,7,0
2012-09-20T12:51:00Z,61,68,30.130000000000003,11,0
2012-09-21T18:51:00Z,78,63,30.03,6,0
2012-09-21T21:51:00Z,84,61,30.02,5,0
2012-09-23T11:51:00Z,36,68,30.03,13,0
2012-09-24T00:51:00Z,59,55,30.1,7,0
2012-09-24T08:51:00Z,48,62,30.150000000000002,9,0
2012-09-24T18:51:00Z,41,62,30.110000000000003,13,0
2012-09-24T19:51:00Z,41,62,30.12,10,0
2012-09-24T21:51:00Z,50,60,30.130000000000003,11,0
2012-09-25T08:51:00Z,63,64,30.2,15,0
2012-09-25T14:51:00Z,57,71,30.14,21,0
2012-09-25T16:51:00Z,63,68,30.14,22,0
2012-09-26T14:51:00Z,71,74,30.01,13,0
2012-09-27T21:51:00Z,87,67,30.150000000000002,5,0
2012-09-28T17:51:00Z,91,67,29.919999999999998,11,0
2012-09-29T06:51:00Z,90,59,29.91,9,0
2012-09-29T09:51:00Z,78,62,29.919999999999998,8,0
2012-09-29T13:51:00Z,70,64,29.88,7,0
2012-09-30T15:51:00Z,50,66,29.759999999999998,13,0
2012-10-01T05:51:00Z,74,55,29.85,11,0
2012-10-01T12:51:00Z,46,70,29.86,13,0
2012-10-01T22:51:00Z,70,64,29.95,3,0
2012-10-03T07:51:00Z,93,67,30.05,5,0
2012-10-03T16:51:00Z,93,70,30.06,3,0
2012-10-03T20:51:00Z,96,69,30.1,0,0
2012-10-07T00:51:00Z,55,54,30.01,9,0
2012-10-07T08:51:00Z,53,55,30.08,6,0
2012-10-08T21:51:00Z,69,53,30.24,7,0
2012-10-09T01:51:00Z,66,53,30.19,9,0
2012-10-10T15:51:00Z,52,66,29.79,20,0
2012-10-11T22:51:00Z,59,53,30.16,11,0
2012-10-12T03:51:00Z,74,51,30.09,10,0
2012-10-12T15:51:00Z,45,54,30.2,23,0
2012-10-12T18:51:00Z,38,51,30.3,15,0
2012-10-13T14:51:00Z,38,51,30.4,9,0
2012-10-13T18:51:00Z,57,53,30.37,14,0
2012-10-14T04:51:00Z,75,56,30.22,18,0
2012-10-14T15:51:00Z,71,67,30.03,18,0
2012-10-16T22:51:00Z,54,50,29.91,8,0
2012-10-17T06:51:00Z,71,47,29.979999999999997,3,0
2012-10-18T00:51:00Z,90,47,29.99,0,0
2012-10-19T07:51:00Z,93,64,29.830000000000002,17,0.04
2012-10-19T08:14:00Z,94,64,29.830000000000002,17,0.03
2012-10-19T15:51:00Z,87,67,29.69,7,0
2012-10-20T00:51:00Z,96,62,29.66,6,0
2012-10-21T12:51:00Z,39,65,29.93,14,0
2012-10-22T12:51:00Z,39,66,30.02,14,0
2012-10-23T01:51:00Z,80,53,30.06,5,0
2012-10-23T16:51:00Z,70,61,30.07,0,0
2012-10-25T00:51:00Z,81,56,30.21,5,0
2012-10-25T21:51:00Z,78,60,30.23,0,0
2012-10-26T01:51:00Z,87,58,30.2,3,0
2012-10-26T08:51:00Z,70,66,30.21,0,0
2012-10-26T12:51:00Z,68,66,30.17,5,0
2012-10-27T18:51:00Z,75,59,29.939999999999998,0,0
2012-10-28T01:51:00Z,56,59,29.88,14,0
2012-10-28T06:51:00Z,72,56,29.85,17,0
2012-10-28T09:51:00Z,72,57,29.84,17,0
2012-10-29T12:51:00Z,90,59,28.810000000000002,45,0.03
2012-10-29T16:51:00Z,87,64,,39,0.04
2012-10-29T19:51:00Z,84,60,28.69,52,0
2012-10-30T23:51:00Z,74,48,29.479999999999997,11,0
2012-10-31T20:51:00Z,66,48,29.59,13,0
2012-11-03T07:51:00Z,56,45,29.830000000000002,17,0
2012-11-04T15:51:00Z,46,50,29.919999999999998,15,0
2012-11-04T16:51:00Z,50,47,29.93,15,0
2012-11-05T14:51:00Z,40,46,30,15,0
2012-11-05T22:51:00Z,44,37,30.16,14,0
2012-11-06T16:51:00Z,38,40,30.130000000000003,8,0
2012-11-08T09:51:00Z,53,39,29.759999999999998,18,0
2012-11-08T10:51:00Z,53,39,29.75,20,0
2012-11-08T15:51:00Z,53,44,29.75,11,0
2012-11-10T02:51:00Z,71,43,30.21,9,0
2012-11-10T21:51:00Z,74,49,30.41,5,0
2012-11-11T08:51:00Z,78,57,30.49,10,0
2012-11-11T13:51:00Z,75,59,30.43,14,0
2012-11-12T01:51:00Z,97,47,30.459999999999997,7,0
2012-11-13T12:26:00Z,82,46,30.279999999999998,14,0.01
2012-11-14T04:51:00Z,57,38,30.47,13,0
2012-11-16T00:51:00Z,73,39,30.279999999999998,7,0
2012-11-16T17:51:00Z,45,44,30.34,13,0
2012-11-17T17:51:00Z,63,45,30.59,0,0
2012-11-19T21:51:00Z,77,45,30.27,7,0
2012-11-20T04:51:00Z,86,38,30.19,7,0
2012-11-20T06:51:00Z,89,37,30.18,8,0
2012-11-20T20:51:00Z,73,44,30.130000000000003,3,0
2012-11-22T10:51:00Z,64,52,30.25,7,0
2012-11-26T14:51:00Z,30,48,30.110000000000003,9,0
2012-11-26T19:51:00Z,38,43,30.21,0,0
2012-11-26T20:51:00Z,43,40,30.22,0,0
2012-11-26T22:51:00Z,50,39,30.25,6,0
2012-11-27T06:51:00Z,60,41,30.279999999999998,7,0
2012-11-30T05:51:00Z,73,34,30.34,7,0
2012-11-30T08:51:00Z,70,40,30.39,0,0
2012-12-01T11:51:00Z,71,43,30.459999999999997,15,0
2012-12-02T07:51:00Z,100,42,30.37,0,0
2012-12-02T14:51:00Z,89,48,30.19,7,0
2012-12-03T04:51:00Z,93,48,30.130000000000003,7,0
2012-12-03T06:51:00Z,90,47,30.16,7,0
2012-12-03T14:51:00Z,52,62,30.17,9,0
2012-12-03T20:51:00Z,77,51,30.25,5,0
2012-12-05T16:51:00Z,50,48,30.06,23,0
2012-12-05T22:51:00Z,48,36,30.22,18,0
2012-12-06T14:51:00Z,35,40,30.279999999999998,3,0
2012-12-06T19:51:00Z,52,34,30.3,5,0
2012-12-06T21:51:00Z,55,36,30.3,0,0
2012-12-07T06:51:00Z,78,33,30.21,0,0
2012-12-07T09:51:00Z,76,41,30.2,3,0
2012-12-08T22:51:00Z,96,48,29.99,9,0
2012-12-09T07:51:00Z,96,46,30.19,5,0
2012-12-09T16:51:00Z,89,42,30.19,7,0.05
2012-12-10T01:51:00Z,96,46,29.939999999999998,6,0.01
2012-12-10T10:49:00Z,100,54,29.73,13,0
2012-12-10T11:51:00Z,100,54,29.7,13,0.08
2012-12-11T00:51:00Z,96,55,29.57,3,0
2012-12-11T23:51:00Z,49,42,30.19,10,0
2012-12-12T00:51:00Z,55,40,30.19,9,0
2012-12-12T09:51:00Z,45,42,30.36,8,0
2012-12-12T14:51:00Z,40,44,30.36,7,0
2012-12-12T18:51:00Z,49,41,30.38,7,0
2012-12-13T00:51:00Z,62,38,30.41,7,0
2012-12-16T04:51:00Z,73,46,30.14,10,0
2012-12-16T08:51:00Z,83,48,30.09,3,0
2012-12-17T18:51:00Z,93,44,29.759999999999998,10,0
2012-12-17T19:40:00Z,93,45,29.75,10,0
2012-12-18T08:51:00Z,96,48,29.51,5,0
2012-12-18T16:51:00Z,77,50,29.47,11,0.14
2012-12-19T01:51:00Z,63,43,29.64,13,0
2012-12-19T11:51:00Z,44,47,29.77,22,0
2012-12-19T15:51:00Z,41,47,29.86,23,0
2012-12-20T11:51:00Z,53,41,30.150000000000002,6,0
2012-12-20T17:51:00Z,71,44,30.04,9,0
2012-12-20T20:13:00Z,76,45,29.959999999999997,10,0
2012-12-21T06:57:00Z,88,55,29.21,30,0.01
2012-12-21T12:51:00Z,66,45,29.19,24,0
2012-12-22T00:51:00Z,70,37,29.34,20,0
2012-12-22T16:51:00Z,41,39,29.67,33,0
2012-12-23T01:51:00Z,51,38,29.85,20,0
2012-12-23T04:51:00Z,59,37,29.9,13,0
2012-12-24T16:51:00Z,55,38,30.02,0,0
2012-12-25T03:51:00Z,93,38,29.9,7,0.01
2012-12-25T16:51:00Z,65,39,30.12,15,0
2012-12-27T06:51:00Z,89,41,29.25,17,0.01
2012-12-28T02:51:00Z,56,31,29.9,23,0
2012-12-28T08:51:00Z,61,33,30.02,18,0
2012-12-28T11:51:00Z,52,38,30.02,14,0
2012-12-28T12:51:00Z,50,39,30,16,0
2012-12-28T14:51:00Z,51,40,30.02,9,0
2012-12-29T06:51:00Z,75,32,29.939999999999998,5,0
2012-12-29T09:51:00Z,70,34,29.84,9,0
2012-12-29T14:01:00Z,87,37,29.6,13,0.01
2012-12-30T03:51:00Z,64,32,29.68,25,0
2012-12-30T22:51:00Z,51,29,30.14,20,0
2012-12-31T07:51:00Z,61,31,30.16,16,0
2012-12-31T15:51:00Z,59,36,29.99,16,0
2012-12-31T16:51:00Z,57,36,29.979999999999997,15,0
2013-01-01T00:51:00Z,58,40,29.87,13,0
2013-01-01T10:51:00Z,60,41,29.89,16,0
2013-01-02T09:51:00Z,45,27,30.07,13,0
2013-01-02T11:51:00Z,43,30,30.04,21,0
2013-01-02T12:51:00Z,42,31,30,15,0
2013-01-02T22:51:00Z,51,30,30.150000000000002,13,0
2013-01-05T08:51:00Z,54,35,30.24,13,0
2013-01-05T13:51:00Z,37,44,30.22,9,0
2013-01-05T21:51:00Z,67,34,30.24,6,0
2013-01-06T08:51:00Z,89,36,30.12,13,0
2013-01-06T21:51:00Z,51,43,30.02,10,0
2013-01-07T11:51:00Z,40,46,30.3,14,0
2013-01-10T14:51:00Z,33,48,30.459999999999997,11,0
2013-01-11T13:51:00Z,76,43,30.32,7,0
2013-01-12T10:51:00Z,93,46,30.130000000000003,5,0
2013-01-12T17:51:00Z,93,45,30.17,6,0
2013-01-13T01:51:00Z,100,43,30.14,0,0
2013-01-13T16:51:00Z,90,47,30.05,10,0
2013-01-13T21:38:00Z,100,46,30.01,3,0
2013-01-13T22:51:00Z,97,47,30.02,0,0
2013-01-13T23:51:00Z,100,47,30.01,3,0.01
2013-01-14T01:51:00Z,96,48,30.01,3,0
2013-01-14T09:51:00Z,97,52,30.05,9,0
2013-01-15T09:51:00Z,67,37,30.32,11,0
2013-01-15T14:51:00Z,57,39,30.27,7,0
2013-01-17T09:51:00Z,53,41,30.05,15,0
2013-01-18T06:51:00Z,55,27,30.23,13,0
2013-01-18T13:51:00Z,30,30,30.419999999999998,11,0
2013-01-18T16:51:00Z,29,28,30.45,6,0
2013-01-19T18:51:00Z,61,45,30.04,13,0
2013-01-20T06:51:00Z,62,41,29.759999999999998,16,0
2013-01-21T20:32:00Z,80,28,29.86,7,0.02
2013-01-23T11:51:00Z,31,18,30.21,13,0
2013-01-23T18:51:00Z,30,17,30.2,16,0
2013-01-26T04:51:00Z,68,17,30.05,10,0
2013-01-28T19:51:00Z,92,34,30.05,10,0.03
2013-01-28T22:51:00Z,93,35,30.01,6,0
2013-01-29T09:51:00Z,86,46,30.12,0,0
2013-01-30T23:51:00Z,96,51,29.39,31,0.03
2013-01-31T15:51:00Z,29,42,29.53,33,0
2013-02-01T19:51:00Z,49,27,30.130000000000003,17,0
2013-02-03T02:51:00Z,88,25,29.99,3,0.01
2013-02-03T22:51:00Z,63,28,29.810000000000002,7,0
2013-02-06T18:51:00Z,35,36,30.23,17,0
2013-02-07T01:51:00Z,31,27,30.37,0,0
2013-02-08T02:51:00Z,70,36,30.24,15,0
2013-02-08T15:51:00Z,85,34,29.68,26,0.06
2013-02-08T17:45:00Z,87,34,29.62,25,0.07
2013-02-09T03:51:00Z,92,26,29.779999999999998,17,0.04
2013-02-09T14:51:00Z,43,32,30.04,25,0
2013-02-10T02:51:00Z,54,19,30.36,9,0
2013-02-11T01:51:00Z,67,36,30.3,9,0
2013-02-11T17:05:00Z,87,43,29.71,0,0
2013-02-11T19:24:00Z,100,43,29.67,0,0
2013-02-12T14:51:00Z,41,47,29.87,16,0
2013-02-13T02:51:00Z,79,30,29.939999999999998,8,0
2013-02-14T10:51:00Z,47,42,29.95,7,0
2013-02-14T22:51:00Z,86,37,30,10,0
2013-02-15T05:51:00Z,85,34,29.99,6,0
2013-02-15T12:51:00Z,61,47,29.97,10,0
2013-02-15T20:51:00Z,79,41,29.919999999999998,6,0
2013-02-19T14:51:00Z,89,42,29.830000000000002,21,0.02
2013-02-19T17:51:00Z,92,42,29.72,17,0.03
2013-02-21T11:51:00Z,37,34,30,29,0
2013-02-21T13:51:00Z,34,36,29.979999999999997,26,0
2013-02-23T09:41:00Z,87,41,30.09,13,0
2013-02-23T14:51:00Z,97,43,29.95,13,0.06
2013-02-23T18:51:00Z,89,39,29.91,15,0.03
2013-02-24T10:51:00Z,73,44,29.74,18,0
2013-02-25T22:51:00Z,55,40,30.22,7,0
2013-02-26T13:51:00Z,55,44,30.21,21,0
2013-02-26T16:51:00Z,70,40,30.16,15,0
2013-02-26T18:51:00Z,67,39,30.12,17,0
2013-02-27T14:44:00Z,93,46,29.51,8,0
2013-03-02T08:51:00Z,54,37,29.759999999999998,11,0
2013-03-03T09:51:00Z,49,33,29.72,14,0
2013-03-03T13:51:00Z,41,39,29.66,11,0
2013-03-04T21:51:00Z,50,34,29.87,24,0
2013-03-04T23:51:00Z,54,33,29.89,22,0
2013-03-05T07:51:00Z,56,34,30,14,0
2013-03-07T00:51:00Z,79,36,29.89,25,0
2013-03-07T04:51:00Z,70,36,29.919999999999998,26,0
2013-03-07T11:51:00Z,70,38,29.99,23,0
2013-03-07T13:51:00Z,76,38,29.99,17,0
2013-03-07T22:51:00Z,92,33,30.04,16,0.02
2013-03-08T04:22:00Z,93,32,29.99,21,0.02
2013-03-08T04:51:00Z,92,32,29.99,18,0.04
2013-03-08T12:31:00Z,87,34,30.01,23,0
2013-03-08T16:51:00Z,73,38,30.04,11,0
2013-03-09T11:51:00Z,37,48,30.25,16,0
2013-03-09T12:51:00Z,31,51,30.23,11,0
2013-03-11T00:51:00Z,83,40,30.29,7,0
2013-03-12T11:51:00Z,93,50,29.830000000000002,25,0.02
2013-03-14T04:51:00Z,38,32,29.9,24,0
2013-03-14T20:51:00Z,22,36,29.91,26,0
2013-03-14T21:51:00Z,26,35,29.93,21,0
2013-03-16T12:37:00Z,65,36,29.82,6,0
2013-03-18T09:51:00Z,46,35,30.38,14,0
2013-03-18T11:51:00Z,52,35,30.35,15,0
2013-03-19T20:51:00Z,62,42,29.759999999999998,21,0
2013-03-21T03:51:00Z,73,32,29.759999999999998,11,0
2013-03-21T10:51:00Z,48,35,29.72,10,0
2013-03-21T11:51:00Z,41,37,29.69,15,0
2013-03-22T10:51:00Z,38,39,29.79,18,0
2013-03-22T20:51:00Z,44,38,29.86,14,0
2013-03-23T22:51:00Z,41,37,29.919999999999998,24,0
2013-03-25T13:51:00Z,86,37,29.47,13,0.01
2013-03-25T19:12:00Z,93,36,29.52,8,0.01
2013-03-25T20:51:00Z,93,35,29.56,0,0.02
2013-03-26T11:51:00Z,38,49,29.72,15,0
2013-03-29T18:51:00Z,36,48,30.08,15,0
2013-03-30T20:51:00Z,76,42,30.110000000000003,5,0
2013-04-01T05:51:00Z,93,44,29.7,7,0
2013-04-01T13:51:00Z,41,62,29.610000000000003,21,0
2013-04-02T00:51:00Z,32,36,29.93,22,0
2013-04-02T11:51:00Z,28,42,29.99,20,0
2013-04-03T21:51:00Z,27,38,30.259999999999998,18,0
2013-04-04T13:51:00Z,41,44,30.24,14,0
2013-04-05T10:51:00Z,29,54,29.82,9,0
2013-04-05T18:51:00Z,19,54,29.82,20,0
2013-04-06T07:51:00Z,41,39,30.24,13,0
2013-04-09T04:51:00Z,89,48,29.93,0,0
2013-04-09T22:51:00Z,67,56,29.9,3,0
2013-04-09T23:51:00Z,70,56,29.87,0,0
2013-04-11T22:51:00Z,66,48,30.03,13,0
2013-04-12T14:46:00Z,93,45,29.73,15,0.12000000000000001
2013-04-13T04:51:00Z,86,40,29.82,6,0
2013-04-13T08:51:00Z,71,47,29.89,8,0
2013-04-14T06:51:00Z,71,51,30.02,7,0
2013-04-14T14:51:00Z,27,58,30.05,22,0
2013-04-15T02:51:00Z,51,43,30.25,5,0
2013-04-15T18:51:00Z,69,47,30.35,8,0
2013-04-16T21:51:00Z,89,52,30.150000000000002,11,0
2013-04-18T19:51:00Z,86,53,30.18,15,0
2013-04-19T05:38:00Z,100,54,29.979999999999997,14,0
2013-04-20T02:51:00Z,83,52,29.74,13,0.08
2013-04-20T10:51:00Z,34,54,29.97,13,0
2013-04-20T12:51:00Z,38,54,29.959999999999997,22,0
2013-04-20T15:51:00Z,29,59,29.99,16,0
2013-04-21T17:51:00Z,47,46,30.57,8,0
2013-04-21T23:51:00Z,62,41,30.62,5,0
2013-04-22T10:51:00Z,46,51,30.64,22,0
2013-04-22T14:51:00Z,38,52,30.54,15,0
2013-04-24T06:51:00Z,66,50,30.06,6,0
2013-04-24T20:51:00Z,97,49,29.89,16,0
2013-04-25T00:51:00Z,89,52,29.9,9,0
2013-04-25T04:51:00Z,56,49,30.04,17,0
2013-04-25T20:51:00Z,66,50,30.25,10,0
2013-04-26T10:51:00Z,32,62,30.37,7,0
2013-04-27T03:51:00Z,51,46,30.39,7,0
2013-04-27T04:51:00Z,48,47,30.39,8,0
2013-04-27T18:51:00Z,57,52,30.3,10,0
2013-04-29T01:51:00Z,77,53,30.21,7,0
2013-04-29T19:51:00Z,74,53,30.21,6,0
2013-04-29T20:51:00Z,74,53,30.23,7,0
2013-04-30T19:51:00Z,46,51,30.32,7,0
2013-05-01T04:51:00Z,65,44,30.38,6,0
2013-05-01T05:51:00Z,69,47,30.4,7,0
2013-05-01T14:51:00Z,52,61,30.43,13,0
2013-05-01T20:51:00Z,71,51,30.47,0,0
2013-05-06T11:51:00Z,63,61,30.22,9,0
2013-05-07T14:51:00Z,73,64,30.09,14,0
2013-05-07T16:51:00Z,75,64,30.09,8,0
2013-05-09T17:51:00Z,80,62,29.9,8,0
2013-05-10T02:51:00Z,90,55,29.939999999999998,5,0
2013-05-10T19:51:00Z,78,62,29.91,18,0
2013-05-11T08:51:00Z,90,61,29.810000000000002,20,0.02
2013-05-11T09:15:00Z,94,59,29.82,24,0.02
2013-05-12T14:51:00Z,23,66,29.69,24,0
2013-05-13T23:51:00Z,52,47,30.1,11,0
2013-05-14T02:51:00Z,56,45,30.1,10,0
2013-05-14T03:51:00Z,60,44,30.1,8,0
2013-05-14T10:51:00Z,29,56,30.09,10,0
2013-05-14T22:51:00Z,72,52,30.07,10,0
2013-05-17T06:51:00Z,44,62,30.03,13,0
2013-05-18T09:51:00Z,63,61,30.310000000000002,8,0
2013-05-20T06:27:00Z,100,57,30.09,0,0
2013-05-22T02:51:00Z,93,64,29.86,3,0
2013-05-23T18:51:00Z,93,63,29.810000000000002,20,0
2013-05-24T10:51:00Z,72,61,29.759999999999998,17,0
2013-05-25T09:15:00Z,82,50,29.88,15,0
2013-05-27T04:51:00Z,64,51,30.22,7,0
2013-05-28T22:51:00Z,93,58,30.12,3,0
2013-05-30T11:51:00Z,51,84,30.110000000000003,11,0
2013-05-31T02:51:00Z,90,66,30.08,7,0
2013-05-31T05:51:00Z,82,72,30.110000000000003,10,0
2013-05-31T18:51:00Z,69,73,29.99,16,0
2013-06-01T09:51:00Z,66,77,30,7,0
2013-06-02T02:51:00Z,90,63,29.89,10,0
2013-06-03T06:42:00Z,94,64,29.830000000000002,9,0
2013-06-07T07:51:00Z,97,61,29.89,14,0.06
2013-06-07T08:51:00Z,93,62,29.89,14,0.16
2013-06-08T02:12:00Z,100,57,29.54,16,0.02
2013-06-08T03:51:00Z,96,57,29.630000000000003,21,0
2013-06-10T23:17:00Z,100,64,29.8,8,0.06
2013-06-12T03:51:00Z,66,69,29.72,17,0
2013-06-12T12:51:00Z,42,76,29.779999999999998,24,0
2013-06-12T19:51:00Z,44,73,29.830000000000002,9,0
2013-06-14T01:58:00Z,88,55,29.56,20,0
2013-06-14T04:51:00Z,90,54,29.64,20,0
2013-06-14T16:51:00Z,65,66,29.79,10,0
2013-06-15T10:51:00Z,35,78,29.97,8,0
2013-06-16T19:51:00Z,64,75,29.8,15,0
2013-06-16T21:51:00Z,74,73,29.830000000000002,10,0
2013-06-19T18:51:00Z,73,67,30.08,11,0
2013-06-20T01:51:00Z,75,60,30.18,7,0
2013-06-20T04:51:00Z,78,60,30.22,7,0
2013-06-20T20:51:00Z,66,67,30.259999999999998,16,0
2013-06-22T02:51:00Z,78,62,30.25,5,0
2013-06-23T02:51:00Z,78,66,30.150000000000002,8,0
2013-06-23T05:51:00Z,81,68,30.17,7,0
2013-06-23T21:51:00Z,97,70,30.08,5,0.02
2013-06-24T16:51:00Z,67,80,29.95,17,0
2013-06-24T23:51:00Z,56,78,29.979999999999997,3,0
2013-06-26T22:51:00Z,87,73,29.82,8,0
2013-06-27T08:51:00Z,72,81,29.759999999999998,0,0
2013-06-28T09:51:00Z,74,79,29.51,10,0
2013-06-28T14:51:00Z,74,79,29.49,15,0
2013-06-28T17:51:00Z,87,73,29.5,17,0
2013-06-29T17:51:00Z,82,75,29.630000000000003,25,0
2013-06-30T20:51:00Z,94,72,29.9,11,0
2013-07-02T06:51:00Z,94,72,30.110000000000003,11,0
2013-07-03T02:51:00Z,90,71,30.19,9,0
2013-07-04T19:51:00Z,88,75,30.17,14,0
2013-07-06T00:51:00Z,88,75,30.130000000000003,6,0
2013-07-07T08:51:00Z,70,84,30.03,10,0
2013-07-07T17:51:00Z,67,84,29.93,9,0
2013-07-07T21:51:00Z,63,82,29.939999999999998,8,0
2013-07-08T22:51:00Z,67,78,30.03,11,0
2013-07-09T06:51:00Z,82,75,30.06,8,0
2013-07-09T10:51:00Z,59,84,30.06,11,0
2013-07-09T15:51:00Z,67,82,30,10,0
2013-07-09T20:51:00Z,71,80,30.01,10,0
2013-07-10T02:51:00Z,87,73,29.97,7,0
2013-07-10T15:51:00Z,74,82,29.830000000000002,7,0.04
2013-07-11T09:51:00Z,72,81,29.85,8,0
2013-07-12T03:51:00Z,67,74,29.939999999999998,10,0
2013-07-12T17:09:00Z,94,72,30.03,9,0
2013-07-12T19:51:00Z,90,71,30.05,13,0.01
2013-07-13T01:51:00Z,94,71,30.1,9,0
2013-07-13T06:51:00Z,94,73,30.18,6,0
2013-07-13T18:51:00Z,85,78,30.25,6,0
2013-07-13T21:51:00Z,90,75,30.27,7,0
2013-07-15T02:51:00Z,77,79,30.22,9,0
2013-07-17T09:51:00Z,41,93,30.16,0,0
2013-07-18T01:51:00Z,79,79,30.03,9,0
2013-07-19T00:51:00Z,79,83,29.959999999999997,7,0
2013-07-19T09:51:00Z,64,91,29.93,13,0
2013-07-20T19:25:00Z,79,79,29.779999999999998,10,0
2013-07-20T22:51:00Z,65,82,29.810000000000002,3,0
2013-07-21T03:51:00Z,76,78,29.84,8,0
2013-07-21T13:51:00Z,46,85,29.919999999999998,14,0
2013-07-21T17:51:00Z,64,80,29.91,9,0
2013-07-22T03:51:00Z,85,76,29.919999999999998,3,0
2013-07-24T21:51:00Z,55,73,29.89,15,0
2013-07-25T02:51:00Z,59,67,29.91,14,0
2013-07-25T05:51:00Z,65,66,29.939999999999998,15,0
2013-07-25T19:51:00Z,73,66,30.03,9,0
2013-07-26T00:51:00Z,87,64,30.01,8,0
2013-07-26T10:51:00Z,56,76,30.02,8,0
2013-07-26T18:51:00Z,76,73,30,13,0
2013-07-28T00:51:00Z,90,69,29.959999999999997,0,0
2013-07-29T03:51:00Z,84,72,29.95,5,0
2013-07-29T09:51:00Z,69,79,30.02,3,0
2013-07-30T06:51:00Z,51,73,30.150000000000002,7,0
2013-07-30T07:51:00Z,45,76,30.150000000000002,13,0
2013-07-31T02:51:00Z,59,70,30.110000000000003,8,0
2013-07-31T05:51:00Z,64,70,30.14,7,0
2013-07-31T09:51:00Z,47,78,30.130000000000003,5,0
2013-07-31T10:51:00Z,45,80,30.12,8,0
2013-07-31T11:51:00Z,45,80,30.110000000000003,11,0
2013-08-01T14:51:00Z,84,70,29.89,9,0.08
2013-08-02T01:51:00Z,93,70,29.779999999999998,5,0
2013-08-02T23:51:00Z,69,75,29.9,10,0
2013-08-03T03:51:00Z,71,73,29.88,10,0
2013-08-03T14:51:00Z,69,77,29.87,17,0
2013-08-04T03:51:00Z,63,68,29.84,7,0
2013-08-04T22:51:00Z,44,71,29.939999999999998,14,0
2013-08-05T21:51:00Z,66,70,30.03,9,0
2013-08-07T10:51:00Z,60,76,30.130000000000003,16,0
2013-08-07T12:51:00Z,58,79,30.12,11,0
2013-08-08T10:51:00Z,79,78,30.04,9,0
2013-08-08T11:51:00Z,77,79,30.04,13,0
2013-08-08T19:51:00Z,91,74,30.02,13,0
2013-08-09T18:51:00Z,87,78,29.82,8,0.01
2013-08-11T05:51:00Z,59,67,30.1,8,0
2013-08-11T07:51:00Z,49,71,30.12,8,0
2013-08-11T15:51:00Z,52,76,30.04,14,0
2013-08-13T02:51:00Z,91,72,29.86,5,0
2013-08-13T06:51:00Z,94,74,29.82,6,0.01
2013-08-13T14:51:00Z,79,73,29.72,7,0
2013-08-15T11:51:00Z,37,75,30.110000000000003,11,0
2013-08-15T17:51:00Z,57,71,30.07,15,0
2013-08-16T04:51:00Z,70,64,30.130000000000003,0,0
2013-08-18T01:51:00Z,78,68,30.23,0,0
2013-08-18T13:51:00Z,58,75,30.17,6,0
2013-08-19T01:51:00Z,75,66,30.110000000000003,9,0
2013-08-19T09:51:00Z,64,76,30.08,9,0
2013-08-19T10:51:00Z,62,76,30.07,14,0
2013-08-22T08:51:00Z,94,73,30.02,13,0.03
2013-08-23T04:51:00Z,79,72,29.89,11,0
2013-08-23T16:51:00Z,39,79,29.97,13,0
2013-08-24T00:51:00Z,66,69,30.12,9,0
2013-08-24T02:51:00Z,57,68,30.16,14,0
2013-08-25T02:51:00Z,78,65,30.32,5,0
2013-08-25T04:51:00Z,78,65,30.35,5,0
2013-08-25T05:51:00Z,75,66,30.36,5,0
2013-08-25T07:51:00Z,59,73,30.38,9,0
2013-08-25T08:51:00Z,50,74,30.38,11,0
2013-08-25T17:51:00Z,54,74,30.25,17,0
2013-08-26T03:51:00Z,73,68,30.19,10,0
2013-08-30T04:51:00Z,84,69,30,6,0
2013-08-31T14:51:00Z,72,81,29.82,9,0
2013-09-02T15:51:00Z,85,79,29.72,7,0
2013-09-02T16:51:00Z,88,77,29.72,7,0
2013-09-04T02:51:00Z,66,67,29.9,9,0
2013-09-04T11:51:00Z,34,79,29.959999999999997,8,0
2013-09-05T01:51:00Z,66,70,29.93,10,0
2013-09-05T18:51:00Z,27,72,30.05,16,0
2013-09-05T21:51:00Z,39,66,30.12,8,0
2013-09-06T06:51:00Z,52,61,30.23,10,0
2013-09-06T16:51:00Z,44,68,30.16,8,0
2013-09-07T13:51:00Z,43,75,29.97,14,0
2013-09-08T13:51:00Z,39,85,29.82,17,0
2013-09-08T21:51:00Z,43,66,30.04,14,0
2013-09-08T22:51:00Z,43,65,30.06,11,0
2013-09-10T14:51:00Z,74,78,30.07,14,0
2013-09-14T12:51:00Z,47,66,29.979999999999997,11,0
2013-09-14T20:51:00Z,56,59,30.1,10,0
2013-09-15T13:51:00Z,41,70,30.14,13,0
2013-09-17T01:51:00Z,59,54,30.279999999999998,17,0
2013-09-17T14:51:00Z,29,65,30.35,11,0
2013-09-18T08:51:00Z,40,64,30.32,7,0
2013-09-18T12:51:00Z,39,68,30.25,10,0
2013-09-18T21:51:00Z,72,60,30.2,11,0
2013-09-19T17:51:00Z,68,66,30.08,14,0
2013-09-19T22:51:00Z,80,62,30.08,7,0
2013-09-21T09:51:00Z,84,69,29.9,9,0.03
2013-09-22T01:15:00Z,100,64,29.67,8,0.17
2013-09-23T14:51:00Z,37,67,29.95,14,0
2013-09-24T09:51:00Z,53,58,29.99,10,0
2013-09-25T13:51:00Z,39,70,29.89,13,0
2013-09-25T20:51:00Z,81,61,29.919999999999998,8,0
2013-09-25T23:51:00Z,87,59,29.939999999999998,5,0
2013-09-26T21:51:00Z,84,58,30.09,5,0
2013-09-28T11:51:00Z,47,71,30.29,7,0
2013-09-28T12:51:00Z,44,72,30.259999999999998,5,0
2013-09-29T06:51:00Z,93,57,30.19,6,0
2013-09-29T10:51:00Z,49,70,30.16,8,0
2013-09-30T09:51:00Z,51,68,30.06,6,0
2013-09-30T21:51:00Z,84,61,30,9,0
2013-10-01T14:51:00Z,41,79,29.89,17,0
2013-10-03T00:51:00Z,61,71,30.02,7,0
2013-10-04T22:51:00Z,84,69,30,7,0
2013-10-04T23:51:00Z,87,69,30.01,8,0
2013-10-05T23:51:00Z,93,65,30.07,6,0
2013-10-06T20:51:00Z,90,69,30.04,10,0
2013-10-07T22:51:00Z,60,62,29.97,15,0
2013-10-07T23:51:00Z,56,61,30,11,0
2013-10-09T01:51:00Z,69,55,30.32,7,0
2013-10-09T02:51:00Z,67,55,30.32,7,0
2013-10-09T04:51:00Z,69,53,30.330000000000002,10,0
2013-10-09T10:51:00Z,56,62,30.37,16,0
2013-10-09T11:51:00Z,54,63,30.36,11,0
2013-10-10T08:51:00Z,83,57,30.2,17,0
2013-10-11T06:51:00Z,84,61,30.02,17,0
2013-10-11T11:05:00Z,78,64,30.03,15,0
2013-10-12T20:51:00Z,70,63,30.259999999999998,15,0
2013-10-12T22:51:00Z,70,61,30.27,15,0
2013-10-16T04:51:00Z,78,57,30.08,6,0
2013-10-16T10:51:00Z,75,64,30.04,7,0
2013-10-16T23:51:00Z,90,62,29.91,7,0
2013-10-18T08:51:00Z,52,61,29.85,20,0
2013-10-19T05:51:00Z,62,55,29.959999999999997,0,0
2013-10-20T06:51:00Z,66,51,29.9,15,0
2013-10-20T21:51:00Z,46,56,30.05,8,0
2013-10-21T08:51:00Z,46,60,30.14,5,0
2013-10-22T08:51:00Z,60,63,29.84,16,0
2013-10-22T11:51:00Z,50,66,29.779999999999998,11,0
2013-10-22T22:51:00Z,59,54,29.8,13,0
2013-10-22T23:51:00Z,66,51,29.8,8,0
2013-10-23T02:51:00Z,77,45,29.77,3,0
2013-10-23T04:51:00Z,71,49,29.759999999999998,3,0
2013-10-23T13:51:00Z,45,52,29.62,9,0
2013-10-24T19:51:00Z,46,47,29.97,16,0
2013-10-27T00:51:00Z,49,51,29.88,13,0
2013-10-27T15:51:00Z,32,56,29.959999999999997,16,0
2013-10-29T05:51:00Z,71,44,30.37,6,0
2013-10-29T14:51:00Z,33,57,30.35,0,0
2013-10-30T02:51:00Z,63,47,30.3,3,0
2013-10-30T04:51:00Z,63,46,30.279999999999998,3,0
2013-10-30T16:51:00Z,84,58,30.18,6,0
2013-10-30T20:51:00Z,81,57,30.22,7,0
2013-10-31T09:51:00Z,75,66,30.110000000000003,14,0
2013-10-31T17:51:00Z,81,63,29.93,22,0
2013-11-03T20:51:00Z,51,40,30.36,14,0
2013-11-04T02:51:00Z,44,36,30.49,13,0
2013-11-04T16:51:00Z,35,43,30.62,7,0
2013-11-05T13:51:00Z,53,54,30.58,7,0
2013-11-06T04:51:00Z,83,44,30.439999999999998,0,0
2013-11-08T07:51:00Z,53,44,30.03,13,0
2013-11-08T13:51:00Z,39,49,30.02,18,0
2013-11-09T23:51:00Z,61,49,30.01,15,0
2013-11-10T06:51:00Z,68,44,29.9,10,0
2013-11-13T06:51:00Z,49,29,30.330000000000002,13,0
2013-11-13T10:51:00Z,37,36,30.34,16,0
2013-11-13T11:51:00Z,34,37,30.32,17,0
2013-11-14T11:51:00Z,30,48,30.2,18,0
2013-11-14T12:51:00Z,27,50,30.18,17,0
2013-11-15T21:51:00Z,69,47,30.21,9,0
2013-11-16T01:51:00Z,66,46,30.25,8,0
2013-11-16T13:51:00Z,72,55,30.29,9,0
2013-11-16T15:51:00Z,80,53,30.3,10,0
2013-11-17T00:51:00Z,89,48,30.259999999999998,5,0
2013-11-17T23:35:00Z,94,57,29.810000000000002,9,0
2013-11-18T13:51:00Z,29,66,29.62,17,0
2013-11-22T16:51:00Z,75,56,29.99,7,0
2013-11-24T03:51:00Z,32,25,30.04,28,0
2013-11-25T00:51:00Z,44,24,30.38,18,0
2013-11-25T20:51:00Z,43,33,30.37,16,0
2013-11-27T15:12:00Z,81,43,29.37,14,0.03
2013-11-28T08:51:00Z,42,33,30.18,20,0
2013-11-29T11:51:00Z,36,40,30.56,13,0
2013-11-29T19:51:00Z,43,33,30.68,8,0
2013-11-30T20:51:00Z,65,37,30.45,7,0
2013-12-02T09:51:00Z,79,44,29.97,5,0
2013-12-02T12:51:00Z,59,50,29.919999999999998,3,0
2013-12-02T21:51:00Z,82,41,29.91,7,0
2013-12-03T04:51:00Z,86,41,29.89,6,0
2013-12-03T20:51:00Z,71,43,29.959999999999997,7,0
2013-12-04T22:51:00Z,86,48,30.130000000000003,5,0
2013-12-06T07:16:00Z,94,55,29.919999999999998,8,0.01
2013-12-06T12:28:00Z,87,46,30.02,15,0.01
2013-12-08T12:51:00Z,54,33,30.54,6,0
2013-12-08T18:51:00Z,85,30,30.5,9,0.01
2013-12-08T23:51:00Z,88,32,30.37,14,0
2013-12-09T13:51:00Z,93,41,29.95,7,0
2013-12-10T04:51:00Z,82,37,30,11,0
2013-12-10T08:15:00Z,75,37,29.979999999999997,20,0
2013-12-10T12:19:00Z,87,34,29.86,8,0.01
2013-12-11T04:51:00Z,56,28,30.25,21,0
2013-12-11T06:51:00Z,55,27,30.29,22,0
2013-12-12T19:51:00Z,46,25,30.259999999999998,20,0
2013-12-14T01:51:00Z,61,32,30.35,6,0
2013-12-14T21:26:00Z,87,34,30.01,17,0.06
2013-12-17T00:51:00Z,51,27,30.22,5,0
2013-12-17T09:51:00Z,78,28,30.130000000000003,9,0
2013-12-17T16:12:00Z,87,32,29.93,11,0.02
2013-12-17T17:11:00Z,86,30,29.95,14,0
2013-12-18T09:51:00Z,67,31,30.04,8,0
2013-12-18T10:51:00Z,66,33,30.04,10,0
2013-12-18T11:51:00Z,61,35,30.03,15,0
2013-12-18T18:51:00Z,59,34,30.14,14,0
2013-12-20T16:51:00Z,59,47,30,0,0
2013-12-21T04:51:00Z,93,43,29.959999999999997,3,0
2013-12-21T06:51:00Z,93,45,29.97,0,0
2013-12-21T10:51:00Z,83,50,29.99,3,0
2013-12-22T09:51:00Z,90,54,29.91,10,0
2013-12-22T12:51:00Z,78,59,29.91,9,0
2013-12-22T18:51:00Z,81,58,29.89,14,0
2013-12-23T03:51:00Z,89,53,29.979999999999997,5,0
2013-12-24T00:51:00Z,65,42,30.110000000000003,16,0
2013-12-24T01:51:00Z,60,40,30.130000000000003,17,0
2013-12-24T10:51:00Z,57,38,30.150000000000002,9,0
2013-12-25T07:51:00Z,50,20,30.49,16,0
2013-12-25T21:51:00Z,56,30,30.47,7,0
2013-12-25T22:51:00Z,59,31,30.45,10,0
2013-12-27T00:51:00Z,64,33,30.279999999999998,8,0
2013-12-28T05:51:00Z,75,32,30.22,8,0
2013-12-28T15:51:00Z,43,51,30.07,11,0
2013-12-28T16:51:00Z,50,49,30.08,14,0
2013-12-30T08:51:00Z,80,43,29.91,10,0
2014-01-01T02:51:00Z,46,25,30.34,13,0
2014-01-01T11:51:00Z,43,33,30.37,11,0
2014-01-01T15:51:00Z,49,33,30.330000000000002,5,0
2014-01-01T16:51:00Z,54,32,30.32,0,0
2014-01-02T06:51:00Z,79,30,30.1,15,0
2014-01-02T07:17:00Z,80,30,30.08,20,0
2014-01-02T14:51:00Z,81,27,29.86,17,0
2014-01-02T18:41:00Z,86,25,29.759999999999998,18,0
2014-01-03T06:27:00Z,79,12,29.79,24,0.01
2014-01-03T14:51:00Z,52,18,30.17,22,0
2014-01-03T20:51:00Z,42,12,30.459999999999997,9,0
2014-01-04T21:51:00Z,61,30,30.330000000000002,11,0
2014-01-05T09:37:00Z,87,32,30.32,0,0
2014-01-05T21:51:00Z,93,48,29.91,18,0.01
2014-01-07T23:51:00Z,42,11,30.39,16,0
2014-01-08T01:51:00Z,45,10,30.419999999999998,16,0
2014-01-09T03:51:00Z,40,25,30.53,11,0
2014-01-09T16:51:00Z,55,26,30.630000000000003,7,0
2014-01-09T21:51:00Z,57,26,30.62,5,0
2014-01-10T06:32:00Z,64,30,30.49,5,0
2014-01-10T13:51:00Z,86,37,30.37,3,0
2014-01-10T14:51:00Z,89,37,30.37,6,0
2014-01-11T14:51:00Z,97,52,29.5,24,0.02
2014-01-11T15:51:00Z,96,51,29.479999999999997,24,0.01
2014-01-12T07:51:00Z,54,45,29.64,16,0
2014-01-12T14:51:00Z,44,45,29.84,22,0
2014-01-12T19:51:00Z,57,41,30.01,15,0
2014-01-13T18:51:00Z,77,46,29.97,18,0
2014-01-13T21:51:00Z,80,45,29.95,16,0
2014-01-14T02:51:00Z,86,45,29.85,11,0
2014-01-14T14:51:00Z,93,47,29.67,0,0.11
2014-01-15T10:51:00Z,100,39,30,0,0
2014-01-15T11:51:00Z,93,39,29.979999999999997,9,0
2014-01-16T18:51:00Z,65,38,29.9,8,0
2014-01-18T14:51:00Z,65,39,29.68,16,0
2014-01-19T00:51:00Z,60,28,29.810000000000002,13,0
2014-01-20T08:51:00Z,65,38,29.66,15,0
2014-01-21T13:51:00Z,77,18,29.86,20,0.03
2014-01-21T16:51:00Z,77,17,29.87,18,0.01
2014-01-22T09:51:00Z,57,8,29.8,23,0
2014-01-22T10:51:00Z,55,10,29.8,23,0
2014-01-23T12:51:00Z,43,19,30.130000000000003,17,0
2014-01-23T22:51:00Z,49,17,30.29,16,0
2014-01-24T00:51:00Z,47,16,30.29,17,0
2014-01-25T16:51:00Z,85,27,29.459999999999997,11,0.02
2014-01-28T15:51:00Z,28,19,30.330000000000002,8,0
2014-01-28T19:51:00Z,28,20,30.310000000000002,5,0
2014-01-29T15:51:00Z,32,23,30.12,16,0
2014-01-29T22:51:00Z,43,19,30.279999999999998,14,0
2014-01-30T12:51:00Z,37,26,30.41,7,0
2014-01-30T14:51:00Z,40,26,30.37,7,0
2014-01-30T18:51:00Z,58,25,30.3,7,0
2014-02-01T12:51:00Z,47,42,30.27,7,0
2014-02-02T04:51:00Z,92,33,29.919999999999998,0,0
2014-02-02T23:51:00Z,68,44,30.06,11,0
2014-02-03T06:51:00Z,89,33,30.130000000000003,7,0.08
2014-02-03T13:51:00Z,92,33,30.07,15,0.06
2014-02-05T07:41:00Z,87,32,29.979999999999997,20,0.17
2014-02-05T14:37:00Z,93,34,29.650000000000002,5,0.02
2014-02-05T17:51:00Z,89,34,29.69,7,0
2014-02-08T12:51:00Z,34,28,30.24,7,0
2014-02-09T18:24:00Z,64,28,30.03,7,0
2014-02-11T23:51:00Z,49,19,30.47,13,0
2014-02-12T21:51:00Z,65,24,30.35,11,0
2014-02-12T23:51:00Z,75,26,30.279999999999998,10,0
2014-02-14T01:51:00Z,89,33,29.02,15,0.04
2014-02-14T17:51:00Z,57,38,29.64,16,0
2014-02-15T05:51:00Z,82,31,29.75,7,0
2014-02-15T17:40:00Z,87,32,29.59,24,0
2014-02-16T17:51:00Z,41,29,29.95,14,0
2014-02-17T10:51:00Z,35,25,30.37,10,0
2014-02-18T22:51:00Z,61,33,30.08,5,0
2014-02-19T15:51:00Z,93,39,29.7,6,0
2014-02-20T06:51:00Z,70,35,30.21,8,0
2014-02-21T03:51:00Z,93,38,29.939999999999998,5,0
2014-02-23T15:51:00Z,38,53,29.87,8,0
2014-02-23T16:51:00Z,48,50,29.86,7,0
2014-02-24T00:45:00Z,76,41,29.85,14,0
2014-02-24T09:51:00Z,36,38,29.9,11,0
2014-02-24T12:51:00Z,25,39,29.87,22,0
2014-02-26T01:51:00Z,50,25,29.97,0,0
2014-02-27T02:51:00Z,45,18,29.84,0,0
2014-02-27T17:51:00Z,30,29,29.75,20,0
2014-02-27T19:51:00Z,53,25,29.88,29,0
2014-02-28T10:51:00Z,26,20,30.4,14,0
2014-02-28T19:51:00Z,30,22,30.4,3,0
2014-03-01T00:51:00Z,36,21,30.43,0,0
2014-03-01T02:51:00Z,51,19,30.4,0,0
2014-03-03T06:51:00Z,74,21,30.110000000000003,8,0.02
2014-03-03T12:51:00Z,38,22,30.17,16,0
2014-03-04T03:51:00Z,42,15,30.32,14,0
2014-03-04T17:51:00Z,53,26,30.27,7,0
2014-03-04T22:51:00Z,51,27,30.259999999999998,5,0
2014-03-06T02:51:00Z,55,22,30.479999999999997,14,0
2014-03-07T07:51:00Z,66,30,30.32,9,0
2014-03-08T05:51:00Z,78,33,29.84,7,0
2014-03-08T07:51:00Z,70,41,29.86,7,0
2014-03-08T12:51:00Z,40,53,29.79,14,0
2014-03-09T07:51:00Z,42,37,29.99,15,0
2014-03-09T15:51:00Z,23,45,29.939999999999998,14,0
2014-03-11T03:51:00Z,68,42,29.57,10,0
2014-03-11T17:51:00Z,57,50,29.650000000000002,10,0
2014-03-13T01:51:00Z,58,27,29.24,31,0
2014-03-13T10:51:00Z,37,25,29.62,23,0
2014-03-14T14:51:00Z,51,42,30.09,22,0
2014-03-15T18:51:00Z,28,53,29.89,15,0
2014-03-17T20:51:00Z,29,33,30.110000000000003,3,0
2014-03-17T21:51:00Z,29,32,30.130000000000003,3,0
2014-03-18T13:51:00Z,33,41,30.259999999999998,10,0
2014-03-18T15:51:00Z,45,40,30.25,13,0
2014-03-19T17:51:00Z,79,41,29.979999999999997,23,0
2014-03-20T10:51:00Z,48,53,29.75,23,0
2014-03-20T23:51:00Z,43,42,29.9,15,0
2014-03-21T04:51:00Z,45,39,29.939999999999998,17,0
2014-03-21T07:51:00Z,40,42,29.97,16,0
2014-03-21T23:51:00Z,56,34,30.03,7,0
2014-03-22T09:51:00Z,66,49,29.779999999999998,15,0
2014-03-23T02:51:00Z,51,40,30,13,0
2014-03-24T14:51:00Z,23,35,30.110000000000003,13,0
2014-03-24T20:51:00Z,30,30,30.17,9,0
2014-03-25T04:51:00Z,48,26,30.14,6,0
2014-03-25T13:51:00Z,36,37,30.02,10,0
2014-03-25T14:51:00Z,37,38,29.99,14,0
2014-03-26T15:51:00Z,20,36,29.91,30,0
2014-03-27T16:51:00Z,55,38,30.32,20,0
2014-03-28T11:51:00Z,83,46,30.06,16,0
2014-03-28T19:51:00Z,77,48,30.02,14,0
2014-03-29T04:51:00Z,83,46,30.12,0,0
2014-03-29T19:51:00Z,93,48,29.85,10,0.23
2014-03-29T21:51:00Z,90,47,29.74,17,0.42000000000000004
2014-03-30T05:42:00Z,94,50,29.51,10,0.01
2014-03-30T19:51:00Z,89,42,29.58,22,0
2014-03-31T06:12:00Z,81,36,29.8,21,0.04
2014-03-31T21:51:00Z,55,42,30.04,22,0
2014-04-01T14:51:00Z,44,55,30.01,10,0
2014-04-01T23:51:00Z,73,42,30.07,10,0
2014-04-02T07:51:00Z,79,44,30.12,5,0
2014-04-02T08:51:00Z,80,45,30.150000000000002,3,0
2014-04-03T18:51:00Z,69,47,30.02,6,0
2014-04-04T10:51:00Z,74,43,30.05,16,0
2014-04-05T22:51:00Z,43,42,30.06,18,0
2014-04-06T20:51:00Z,68,42,30.21,10,0
2014-04-07T12:51:00Z,56,51,30.110000000000003,14,0
2014-04-09T07:51:00Z,50,52,29.71,9,0
2014-04-09T10:51:00Z,35,59,29.71,16,0
2014-04-09T18:51:00Z,25,53,29.85,23,0
2014-04-10T03:51:00Z,55,39,30.1,5,0
2014-04-10T16:51:00Z,59,51,30.08,24,0
2014-04-10T17:51:00Z,66,50,30.07,25,0
2014-04-11T01:51:00Z,77,49,29.979999999999997,11,0
2014-04-13T05:51:00Z,89,48,30.18,3,0
2014-04-14T21:51:00Z,90,54,29.87,24,0
2014-04-16T00:51:00Z,82,35,29.939999999999998,18,0.07
2014-04-17T06:51:00Z,44,38,30.69,18,0
2014-04-18T03:51:00Z,67,37,30.5,10,0
2014-04-19T11:51:00Z,21,65,30.23,11,0
2014-04-19T18:51:00Z,48,53,30.259999999999998,3,0
2014-04-19T22:51:00Z,31,54,30.330000000000002,14,0
2014-04-21T21:51:00Z,80,48,29.9,5,0
2014-04-23T07:51:00Z,49,52,29.57,21,0
2014-04-23T18:51:00Z,48,50,29.72,26,0
2014-04-24T20:51:00Z,14,56,29.97,22,0
2014-04-26T17:27:00Z,88,50,29.779999999999998,11,0
2014-04-27T19:51:00Z,40,56,30.06,10,0
2014-04-28T02:51:00Z,63,47,30.06,6,0
2014-04-29T07:51:00Z,66,48,30.32,16,0
2014-04-29T22:51:00Z,76,44,30.39,18,0
2014-04-30T10:51:00Z,86,46,30.29,18,0.18
2014-05-01T21:51:00Z,80,62,29.7,10,0
2014-05-01T22:51:00Z,75,64,29.69,6,0.01
2014-05-02T00:51:00Z,65,62,29.71,13,0
2014-05-02T07:51:00Z,51,59,29.77,5,0
2014-05-02T10:51:00Z,60,61,29.759999999999998,14,0
2014-05-02T22:51:00Z,46,58,29.84,9,0
2014-05-03T14:51:00Z,50,61,29.77,16,0
2014-05-03T16:51:00Z,54,59,29.75,18,0
2014-05-03T19:51:00Z,74,55,29.77,3,0
2014-05-04T18:51:00Z,30,61,29.68,14,0
2014-05-04T23:51:00Z,35,55,29.77,24,0
2014-05-05T10:51:00Z,32,64,29.87,20,0
2014-05-07T23:51:00Z,67,55,30.19,5,0
2014-05-08T05:51:00Z,93,52,30.19,5,0.04
2014-05-09T01:51:00Z,93,56,30.14,9,0
2014-05-09T03:51:00Z,93,57,30.130000000000003,3,0
2014-05-09T11:51:00Z,87,61,30.14,10,0
2014-05-09T23:51:00Z,97,58,29.97,7,0
2014-05-10T14:20:00Z,73,70,29.9,23,0.13
2014-05-10T20:51:00Z,73,66,29.88,10,0
2014-05-11T02:51:00Z,87,64,29.9,9,0
2014-05-13T11:51:00Z,41,69,30.2,14,0
2014-05-13T12:51:00Z,36,69,30.2,20,0
2014-05-15T14:51:00Z,76,71,30.12,23,0
2014-05-15T16:51:00Z,87,65,30.130000000000003,17,0
2014-05-15T17:51:00Z,90,64,30.12,14,0
2014-05-16T04:51:00Z,90,63,29.97,20,0
2014-05-16T21:51:00Z,93,63,29.810000000000002,26,0.59
2014-05-17T06:51:00Z,67,58,29.97,10,0
2014-05-17T20:51:00Z,47,63,30.08,9,0
2014-05-18T01:51:00Z,55,56,30.110000000000003,7,0
2014-05-18T04:51:00Z,64,52,30.150000000000002,7,0
2014-05-18T09:51:00Z,37,63,30.17,7,0
2014-05-18T15:51:00Z,29,66,30.1,15,0
2014-05-19T19:51:00Z,32,66,30.08,11,0
2014-05-20T01:51:00Z,49,59,30.09,10,0
2014-05-21T04:51:00Z,47,67,29.959999999999997,9,0
2014-05-22T17:51:00Z,87,58,29.87,10,0.02
2014-05-23T14:51:00Z,70,68,29.85,10,0
2014-05-23T17:51:00Z,78,64,29.86,7,0
2014-05-24T00:51:00Z,93,58,29.9,6,0.01
2014-05-26T20:51:00Z,52,74,29.9,10,0
2014-05-26T23:51:00Z,55,73,29.88,13,0
2014-05-27T16:51:00Z,58,77,29.759999999999998,10,0
2014-05-27T19:51:00Z,62,78,29.77,14,0
2014-05-28T12:51:00Z,72,59,29.979999999999997,11,0
2014-05-29T17:51:00Z,67,56,30.150000000000002,9,0
2014-05-30T14:51:00Z,63,67,30.02,9,0
2014-05-31T06:51:00Z,58,63,30.110000000000003,17,0
2014-06-01T00:51:00Z,72,54,30.3,7,0
2014-06-03T23:51:00Z,87,65,29.810000000000002,3,0
2014-06-04T22:51:00Z,81,68,29.75,8,0
2014-06-05T06:27:00Z,88,64,29.650000000000002,11,0.02
2014-06-05T06:51:00Z,93,64,29.630000000000003,14,0.11
2014-06-07T07:51:00Z,51,71,29.979999999999997,10,0
2014-06-08T09:51:00Z,54,77,29.95,6,0
2014-06-08T20:51:00Z,76,69,29.91,13,0
2014-06-09T12:51:00Z,91,67,29.93,8,0
2014-06-11T10:51:00Z,61,69,30.1,10,0
2014-06-12T21:51:00Z,93,68,29.93,11,0
2014-06-13T02:51:00Z,97,67,29.85,13,0
2014-06-13T03:51:00Z,93,67,29.84,10,0
2014-06-13T08:39:00Z,94,68,29.82,6,0.06
2014-06-14T01:51:00Z,96,68,29.759999999999998,0,0
2014-06-14T02:51:00Z,96,68,29.779999999999998,3,0
2014-06-14T20:51:00Z,52,64,30,13,0
2014-06-15T19:51:00Z,42,77,30.04,9,0
2014-06-15T20:51:00Z,43,76,30.05,9,0
2014-06-16T12:51:00Z,37,75,30.12,11,0
2014-06-17T05:51:00Z,87,69,30.04,0,0
2014-06-17T06:51:00Z,81,71,30.05,8,0
2014-06-18T01:51:00Z,79,75,29.830000000000002,7,0
2014-06-20T00:51:00Z,76,71,29.97,10,0
2014-06-20T02:51:00Z,45,68,29.979999999999997,17,0
2014-06-20T22:51:00Z,49,69,29.919999999999998,5,0
2014-06-24T15:51:00Z,64,76,30.05,24,0
2014-06-25T03:51:00Z,90,69,30,6,0
2014-06-26T21:51:00Z,56,79,29.919999999999998,15,0
2014-06-27T22:51:00Z,73,67,30.22,3,0
2014-06-29T16:51:00Z,52,75,30.14,15,0
2014-06-30T04:51:00Z,90,68,30.08,6,0
2014-06-30T11:51:00Z,64,80,30.05,13,0
2014-07-03T05:51:00Z,91,74,29.939999999999998,3,0
2014-07-04T10:51:00Z,71,73,29.919999999999998,18,0.01
2014-07-04T15:47:00Z,83,66,29.87,31,0
2014-07-05T03:51:00Z,54,65,30.05,14,0
2014-07-06T01:51:00Z,66,69,30.07,8,0
2014-07-07T09:51:00Z,62,80,29.84,11,0
2014-07-07T16:51:00Z,61,81,29.74,17,0
2014-07-09T04:51:00Z,84,71,29.830000000000002,14,0
2014-07-09T12:51:00Z,53,83,29.9,11,0
2014-07-10T00:12:00Z,83,72,29.95,5,0
2014-07-10T17:51:00Z,64,75,30.08,8,0
2014-07-10T19:51:00Z,64,74,30.1,0,0
2014-07-10T23:51:00Z,71,72,30.12,0,0
2014-07-11T01:51:00Z,73,72,30.110000000000003,3,0
2014-07-11T03:51:00Z,71,72,30.12,3,0
2014-07-13T23:17:00Z,83,73,29.939999999999998,10,0
2014-07-14T01:51:00Z,87,73,29.88,8,0
2014-07-14T02:51:00Z,90,71,29.89,6,0
2014-07-14T19:24:00Z,89,73,29.85,5,0.05
2014-07-14T22:51:00Z,94,73,29.830000000000002,5,0.24000000000000002
2014-07-15T13:51:00Z,87,73,29.779999999999998,13,0.58
2014-07-15T19:46:00Z,94,72,29.779999999999998,6,0.2
2014-07-16T15:51:00Z,44,81,29.779999999999998,10,0
2014-07-17T20:51:00Z,45,76,30.06,9,0
2014-07-19T03:51:00Z,55,72,30.21,3,0
2014-07-19T07:51:00Z,56,74,30.23,6,0
2014-07-19T21:51:00Z,63,68,30.17,6,0
2014-07-21T08:51:00Z,58,77,30.18,7,0
2014-07-21T16:51:00Z,60,78,30.150000000000002,10,0
2014-07-21T21:51:00Z,76,72,30.17,8,0
2014-07-22T08:51:00Z,62,79,30.150000000000002,7,0
2014-07-22T15:51:00Z,64,80,30.07,21,0
2014-07-22T19:51:00Z,72,76,30.06,21,0
2014-07-23T12:51:00Z,70,83,29.88,15,0
2014-07-23T16:51:00Z,71,80,29.779999999999998,25,0
2014-07-23T18:51:00Z,76,78,29.79,22,0
2014-07-24T07:51:00Z,69,75,29.84,9,0
2014-07-24T15:51:00Z,40,82,29.830000000000002,6,0
2014-07-26T22:51:00Z,84,73,29.9,7,0
2014-07-27T00:51:00Z,87,71,29.87,3,0
2014-07-27T02:51:00Z,90,71,29.84,7,0
2014-07-27T04:51:00Z,87,72,29.82,10,0
2014-07-27T09:35:00Z,83,75,29.77,17,0
2014-07-27T21:51:00Z,77,79,29.67,7,0
2014-07-29T13:51:00Z,37,78,29.86,14,0
2014-07-30T06:51:00Z,59,69,30.02,5,0
2014-07-30T09:51:00Z,40,76,30.02,0,0
2014-07-30T15:51:00Z,43,77,30,14,0
2014-07-31T02:51:00Z,73,69,30.05,7,0
2014-08-01T03:51:00Z,91,72,30.16,10,0
2014-08-01T09:51:00Z,67,79,30.19,7,0
2014-08-01T10:51:00Z,64,80,30.19,8,0
2014-08-02T02:51:00Z,84,72,30.150000000000002,3,0.01
2014-08-02T22:51:00Z,84,66,30.12,0,0
2014-08-03T02:51:00Z,84,67,30.1,0,0
2014-08-05T05:51:00Z,84,72,30.02,6,0
2014-08-06T12:51:00Z,41,83,29.85,9,0
2014-08-07T21:51:00Z,46,72,29.99,7,0
2014-08-08T13:51:00Z,28,83,30.03,5,0
2014-08-08T19:51:00Z,71,74,30.04,7,0
2014-08-10T14:51:00Z,39,85,30.09,11,0
2014-08-10T19:51:00Z,71,75,30.09,7,0
2014-08-12T06:51:00Z,71,75,30.04,14,0
2014-08-12T16:51:00Z,88,75,29.939999999999998,17,0.01
2014-08-13T08:51:00Z,88,76,29.66,10,0
2014-08-13T14:51:00Z,57,83,29.64,8,0
2014-08-13T20:51:00Z,62,76,29.73,14,0
2014-08-13T22:51:00Z,57,74,29.75,14,0
2014-08-14T20:51:00Z,55,73,29.84,15,0
2014-08-16T01:51:00Z,65,66,29.97,9,0
2014-08-16T07:51:00Z,53,71,29.99,6,0
2014-08-16T14:51:00Z,52,76,29.959999999999997,10,0
2014-08-16T21:51:00Z,71,73,29.91,9,0
2014-08-18T18:51:00Z,71,73,29.830000000000002,8,0
2014-08-19T08:51:00Z,64,74,29.9,6,0
2014-08-19T17:51:00Z,71,75,29.88,9,0
2014-08-20T10:51:00Z,54,78,30.01,7,0
2014-08-21T07:51:00Z,64,75,30.06,3,0
2014-08-21T13:51:00Z,54,78,30.04,11,0
2014-08-22T07:51:00Z,73,72,30.02,9,0
2014-08-22T23:51:00Z,68,68,30.04,10,0
2014-08-24T00:51:00Z,84,65,30.110000000000003,3,0
2014-08-27T01:51:00Z,63,71,30.03,7,0
2014-08-27T04:51:00Z,81,68,30.02,6,0
2014-08-27T22:51:00Z,82,75,29.85,0,0
2014-08-30T01:51:00Z,68,67,30.24,5,0
2014-08-30T02:51:00Z,65,68,30.24,3,0
2014-08-30T04:51:00Z,66,67,30.25,5,0
2014-09-01T19:51:00Z,85,78,29.93,13,0
2014-09-03T01:51:00Z,60,78,29.830000000000002,14,0
2014-09-03T14:51:00Z,40,84,30.01,13,0
2014-09-04T07:51:00Z,52,78,30.18,6,0
2014-09-04T12:51:00Z,49,83,30.17,11,0
2014-09-05T01:51:00Z,87,72,30.150000000000002,7,0
2014-09-05T05:51:00Z,87,73,30.16,5,0
2014-09-05T06:51:00Z,82,75,30.16,7,0
2014-09-05T11:51:00Z,70,83,30.14,13,0
2014-09-06T23:29:00Z,83,70,29.919999999999998,16,0
2014-09-08T02:51:00Z,70,66,30.2,8,0
2014-09-09T20:51:00Z,66,69,30.150000000000002,10,0
2014-09-10T07:51:00Z,70,68,30.110000000000003,7,0
2014-09-10T17:51:00Z,71,71,30.04,10,0
2014-09-11T07:51:00Z,74,74,29.919999999999998,17,0
2014-09-12T04:51:00Z,65,64,30.02,11,0
2014-09-13T08:51:00Z,68,67,30.16,15,0
2014-09-14T19:51:00Z,60,64,30.19,6,0
2014-09-14T22:51:00Z,70,62,30.18,9,0
2014-09-15T03:51:00Z,75,56,30.19,5,0
2014-09-16T12:51:00Z,87,63,29.97,3,0
2014-09-16T17:51:00Z,78,65,29.97,0,0
2014-09-17T23:51:00Z,75,61,29.959999999999997,6,0
2014-09-19T13:51:00Z,49,66,30.330000000000002,11,0
2014-09-20T08:51:00Z,59,71,30.279999999999998,11,0
2014-09-20T12:51:00Z,55,75,30.21,17,0
2014-09-21T00:51:00Z,93,68,30,0,0.19
2014-09-22T03:51:00Z,71,67,29.69,13,0
2014-09-24T05:51:00Z,84,58,30.47,5,0
2014-09-26T01:51:00Z,80,60,30.18,8,0
2014-09-26T06:51:00Z,67,62,30.19,11,0
2014-09-26T17:51:00Z,55,69,30.14,6,0
2014-09-28T01:51:00Z,87,64,30.16,5,0
2014-09-28T14:51:00Z,56,77,30.05,9,0
2014-09-30T10:51:00Z,78,68,29.939999999999998,8,0
2014-09-30T15:51:00Z,79,67,29.919999999999998,6,0
2014-09-30T17:51:00Z,78,66,29.93,8,0
2014-10-01T03:51:00Z,86,62,29.97,10,0
2014-10-02T06:51:00Z,75,62,30.110000000000003,14,0
2014-10-02T12:51:00Z,65,66,30.1,13,0
2014-10-02T21:51:00Z,75,63,30.130000000000003,5,0
2014-10-04T00:51:00Z,73,64,29.8,11,0
2014-10-04T09:07:00Z,88,66,29.58,18,0.04
2014-10-04T11:51:00Z,90,68,29.51,25,0.08
2014-10-04T21:51:00Z,46,58,29.68,15,0
2014-10-06T15:51:00Z,53,67,30.03,20,0
2014-10-06T16:51:00Z,56,66,30.04,20,0
2014-10-07T12:51:00Z,61,72,30.02,16,0
2014-10-09T07:51:00Z,44,61,30.05,14,0
2014-10-11T00:51:00Z,58,59,30.07,6,0
2014-10-11T09:51:00Z,90,54,30.03,11,0.06
2014-10-13T19:03:00Z,88,63,30.27,8,0.01
2014-10-14T15:51:00Z,73,72,30.14,15,0
2014-10-16T08:51:00Z,90,69,29.72,20,0
2014-10-17T06:51:00Z,78,61,29.7,11,0
2014-10-17T11:51:00Z,57,69,29.72,17,0
2014-10-18T02:51:00Z,78,62,29.6,10,0
2014-10-18T09:51:00Z,75,64,29.59,10,0
2014-10-18T19:51:00Z,46,62,29.68,15,0
2014-10-19T14:51:00Z,30,54,29.91,23,0
2014-10-20T01:51:00Z,55,42,30.07,7,0
2014-10-22T00:51:00Z,84,58,29.87,8,0
2014-10-22T02:51:00Z,87,56,29.86,14,0.31
2014-10-24T07:51:00Z,69,53,29.8,15,0
2014-10-24T19:51:00Z,75,54,29.810000000000002,5,0
2014-10-24T21:51:00Z,72,55,29.82,0,0
2014-10-25T02:51:00Z,55,52,29.84,8,0
2014-10-25T04:51:00Z,59,51,29.86,8,0
2014-10-25T14:51:00Z,40,68,29.67,15,0
2014-10-25T22:51:00Z,62,60,29.56,15,0
2014-10-26T01:51:00Z,67,59,29.55,7,0
2014-10-26T06:51:00Z,51,55,29.610000000000003,11,0
2014-10-26T08:51:00Z,38,59,29.62,17,0
2014-10-26T14:51:00Z,34,63,29.650000000000002,22,0
2014-10-27T00:51:00Z,47,56,29.830000000000002,11,0
2014-10-27T05:51:00Z,56,51,29.93,13,0
2014-10-28T13:51:00Z,49,69,29.97,6,0
2014-10-29T03:51:00Z,90,60,29.87,7,0
2014-10-29T22:51:00Z,75,54,29.939999999999998,8,0
2014-10-30T12:51:00Z,42,58,29.959999999999997,14,0
2014-10-30T18:51:00Z,49,52,30,14,0
2014-10-31T23:51:00Z,86,49,29.830000000000002,18,0
2014-11-01T11:51:00Z,83,45,29.77,16,0.16
2014-11-01T13:51:00Z,77,46,29.75,17,0.04
2014-11-03T09:51:00Z,41,50,30.14,15,0
2014-11-06T08:51:00Z,86,50,29.959999999999997,5,0.04
2014-11-06T10:51:00Z,90,49,29.9,3,0.06
2014-11-06T19:51:00Z,86,52,29.6,9,0
2014-11-06T21:51:00Z,83,51,29.59,5,0
2014-11-07T07:51:00Z,66,48,29.610000000000003,17,0
2014-11-07T17:51:00Z,54,46,29.79,23,0
2014-11-08T06:51:00Z,62,38,30.04,13,0
2014-11-09T12:51:00Z,49,55,29.91,8,0
2014-11-09T13:51:00Z,46,56,29.91,14,0
2014-11-09T19:51:00Z,66,50,29.97,9,0
2014-11-09T21:51:00Z,56,48,30,6,0
2014-11-10T04:51:00Z,79,41,30.08,0,0
2014-11-11T10:51:00Z,73,63,30.07,10,0
2014-11-11T16:51:00Z,81,61,29.979999999999997,0,0
2014-11-11T22:51:00Z,93,59,29.91,5,0
2014-11-13T06:51:00Z,60,39,30.1,9,0
2014-11-14T04:04:00Z,81,39,29.939999999999998,11,0
2014-11-14T14:51:00Z,31,43,30.02,17,0
2014-11-15T20:51:00Z,41,38,30.36,3,0
2014-11-15T22:51:00Z,56,33,30.36,0,0
2014-11-16T07:51:00Z,55,39,30.35,9,0
2014-11-17T11:51:00Z,86,48,29.72,5,0.02
2014-11-17T14:51:00Z,93,52,29.56,5,0.46
2014-11-18T05:51:00Z,49,33,29.73,29,0
2014-11-18T16:51:00Z,33,30,29.939999999999998,21,0
2014-11-18T20:51:00Z,35,27,30.07,31,0
2014-11-19T08:51:00Z,42,26,30.27,17,0
2014-11-19T17:51:00Z,36,32,30.16,16,0
2014-11-20T00:51:00Z,46,38,30.04,16,0
2014-11-20T04:51:00Z,48,37,29.97,11,0
2014-11-20T11:51:00Z,40,44,29.9,18,0
2014-11-22T09:51:00Z,40,35,30.459999999999997,15,0
2014-11-23T06:51:00Z,49,43,30.19,10,0
2014-11-24T01:51:00Z,87,58,29.88,14,0.01
2014-11-24T23:51:00Z,78,61,29.73,14,0
2014-11-26T11:33:00Z,93,36,30.01,15,0.05
2014-11-27T08:51:00Z,76,38,29.979999999999997,9,0
2014-11-27T11:27:00Z,81,37,29.979999999999997,7,0
2014-11-27T22:51:00Z,62,37,30.05,15,0
2014-11-28T05:51:00Z,64,32,30.09,13,0
2014-11-28T18:51:00Z,43,31,30.24,9,0
2014-11-29T21:51:00Z,63,45,30.24,10,0
2014-12-01T02:51:00Z,77,48,30.06,6,0
2014-12-01T22:51:00Z,65,43,30.41,10,0
2014-12-04T17:51:00Z,38,42,30.43,8,0
2014-12-06T13:55:00Z,88,52,30.1,3,0.01
2014-12-07T11:51:00Z,40,42,30.45,21,0
2014-12-08T20:51:00Z,72,35,30.45,17,0
2014-12-10T08:51:00Z,83,40,29.610000000000003,15,0.01
2014-12-10T11:18:00Z,81,37,29.610000000000003,21,0
2014-12-10T17:51:00Z,82,34,29.59,16,0
2014-12-11T20:51:00Z,70,36,29.85,14,0
2014-12-12T16:51:00Z,54,37,29.959999999999997,15,0
2014-12-13T12:51:00Z,40,45,29.91,16,0
2014-12-13T16:51:00Z,55,41,29.9,18,0
2014-12-13T17:51:00Z,60,40,29.9,15,0
2014-12-14T13:51:00Z,56,45,29.85,14,0
2014-12-15T19:51:00Z,77,40,30.1,5,0
2014-12-15T23:51:00Z,86,37,30.1,3,0
2014-12-17T14:51:00Z,52,53,29.8,15,0
2014-12-19T02:51:00Z,57,38,29.959999999999997,16,0
2014-12-19T08:51:00Z,51,38,30.03,16,0
2014-12-19T09:51:00Z,48,38,30.05,17,0
2014-12-19T11:51:00Z,46,38,30.02,18,0
2014-12-19T23:51:00Z,61,33,30.19,14,0
2014-12-20T06:51:00Z,61,32,30.259999999999998,11,0
2014-12-20T15:51:00Z,58,33,30.259999999999998,0,0
2014-12-22T10:51:00Z,76,43,30.310000000000002,5,0
2014-12-22T15:51:00Z,79,46,30.22,11,0.01
2014-12-24T04:51:00Z,93,47,30.02,6,0
2014-12-25T02:51:00Z,93,53,29.53,16,0
2014-12-25T05:51:00Z,77,56,29.57,13,0.02
2014-12-27T09:51:00Z,58,48,30.259999999999998,5,0
2014-12-28T09:51:00Z,83,46,29.919999999999998,8,0.01
2014-12-28T12:51:00Z,71,51,29.88,9,0
2014-12-28T21:51:00Z,56,47,30.01,13,0
2014-12-29T01:51:00Z,49,42,30.09,17,0
2014-12-29T13:51:00Z,31,46,30.130000000000003,13,0
2014-12-29T14:51:00Z,30,45,30.14,9,0
2014-12-30T17:51:00Z,40,32,30.37,13,0
2015-01-01T21:51:00Z,46,38,30.01,21,0
2015-01-03T00:51:00Z,54,35,30.459999999999997,8,0
2015-01-03T06:51:00Z,67,31,30.57,8,0
2015-01-03T12:16:00Z,61,39,30.5,11,0
2015-01-03T14:37:00Z,81,39,30.439999999999998,10,0.05
2015-01-03T22:51:00Z,93,46,30.12,9,0.08
2015-01-03T23:51:00Z,93,43,30.07,7,0.07
2015-01-04T12:58:00Z,94,52,29.75,8,0
2015-01-04T19:41:00Z,94,50,29.67,5,0
2015-01-05T08:51:00Z,43,40,30.07,21,0
2015-01-05T11:51:00Z,26,39,30.12,23,0
2015-01-05T14:51:00Z,26,36,30.16,22,0
2015-01-06T09:00:00Z,63,19,30.35,5,0
2015-01-06T11:51:00Z,78,20,30.25,3,0.01
2015-01-06T17:51:00Z,65,21,30.110000000000003,7,0
2015-01-07T09:51:00Z,44,24,29.95,20,0
2015-01-07T22:51:00Z,36,10,30.259999999999998,26,0
2015-01-08T10:51:00Z,45,17,30.41,16,0
2015-01-08T20:51:00Z,43,18,30.32,16,0
2015-01-08T22:51:00Z,50,20,30.27,18,0
2015-01-09T16:51:00Z,43,32,30.06,13,0
2015-01-09T20:51:00Z,37,28,30.17,23,0
2015-01-10T15:51:00Z,36,23,30.479999999999997,11,0
2015-01-10T18:51:00Z,38,21,30.51,16,0
2015-01-11T06:51:00Z,40,22,30.650000000000002,7,0
2015-01-11T12:51:00Z,40,33,30.6,6,0
2015-01-12T11:21:00Z,93,36,30.25,0,0.02
2015-01-12T22:51:00Z,83,38,30.17,9,0.01
2015-01-13T14:51:00Z,39,27,30.57,17,0
2015-01-15T19:51:00Z,59,32,29.97,11,0
2015-01-17T01:51:00Z,45,19,30.25,15,0
2015-01-18T01:51:00Z,76,31,30.21,6,0
2015-01-19T18:51:00Z,43,41,29.87,18,0
2015-01-20T12:51:00Z,41,41,29.89,10,0
2015-01-21T09:51:00Z,36,30,30.16,9,0
2015-01-23T02:51:00Z,51,30,30.32,13,0
2015-01-23T12:51:00Z,42,37,30.22,10,0
2015-01-23T17:51:00Z,57,37,30.12,10,0
2015-01-24T13:51:00Z,89,36,29.279999999999998,16,0
2015-01-25T00:51:00Z,59,37,29.5,13,0
2015-01-26T00:51:00Z,39,30,30,10,0
2015-01-26T21:51:00Z,81,27,29.72,24,0
2015-01-27T23:51:00Z,62,20,29.830000000000002,15,0
2015-01-31T09:51:00Z,41,17,30.110000000000003,26,0
2015-02-02T20:51:00Z,71,21,29.759999999999998,28,0
2015-02-04T05:51:00Z,63,28,30.279999999999998,6,0
2015-02-04T11:51:00Z,70,38,30.18,18,0
2015-02-06T23:51:00Z,46,26,30.16,9,0
2015-02-08T17:51:00Z,82,36,29.89,9,0
2015-02-09T03:51:00Z,78,26,29.91,22,0
2015-02-09T09:51:00Z,78,26,30,14,0
2015-02-11T19:51:00Z,60,28,29.97,3,0
2015-02-11T22:51:00Z,63,26,29.939999999999998,3,0
2015-02-12T02:51:00Z,72,27,29.86,6,0
2015-02-12T08:51:00Z,75,32,29.8,8,0
2015-02-12T21:51:00Z,40,26,29.830000000000002,25,0
2015-02-14T13:51:00Z,50,34,29.650000000000002,21,0
2015-02-16T04:51:00Z,42,5,30.150000000000002,17,0
2015-02-16T12:51:00Z,21,20,30.14,14,0
2015-02-17T03:51:00Z,77,16,29.959999999999997,9,0.04
2015-02-18T12:51:00Z,58,28,29.810000000000002,7,0
2015-02-20T10:51:00Z,38,11,30.22,20,0
2015-02-20T13:51:00Z,34,18,30.27,20,0
2015-02-21T07:51:00Z,45,20,30.53,11,0
2015-02-21T14:51:00Z,64,31,30.330000000000002,17,0
2015-02-21T15:05:00Z,64,30,30.330000000000002,15,0
2015-02-21T21:47:00Z,87,32,30.19,0,0.1
2015-02-24T06:51:00Z,50,7,30.330000000000002,5,0
2015-02-24T14:51:00Z,62,21,30.14,11,0
2015-02-24T21:51:00Z,71,24,29.91,7,0
2015-02-26T06:51:00Z,46,23,30,18,0
2015-02-26T11:51:00Z,46,26,29.97,16,0
2015-02-27T10:51:00Z,44,25,30.39,11,0
2015-02-28T01:51:00Z,34,20,30.630000000000003,15,0
2015-02-28T10:51:00Z,33,24,30.810000000000002,5,0
2015-03-01T15:51:00Z,84,26,30.41,3,0.06
2015-03-02T11:51:00Z,46,35,30.14,26,0
2015-03-02T12:51:00Z,39,36,30.130000000000003,22,0
2015-03-03T05:51:00Z,55,23,30.41,7,0
2015-03-03T21:21:00Z,87,36,29.959999999999997,7,0.06
2015-03-04T05:51:00Z,82,37,29.8,8,0
2015-03-04T09:51:00Z,89,36,29.87,14,0.01
2015-03-05T02:51:00Z,83,40,29.91,9,0.03
2015-03-06T15:51:00Z,53,23,30.439999999999998,7,0
2015-03-07T10:51:00Z,49,28,30.23,15,0
2015-03-08T12:51:00Z,42,48,30.03,20,0
2015-03-09T01:51:00Z,72,33,30.12,6,0
2015-03-09T05:51:00Z,70,37,30.150000000000002,5,0.01
2015-03-09T11:51:00Z,46,50,30.16,13,0
2015-03-10T05:51:00Z,76,36,30.29,0,0
2015-03-10T19:51:00Z,89,44,30.06,0,0.06
2015-03-12T05:51:00Z,45,42,30.25,21,0
2015-03-13T11:51:00Z,36,38,30.610000000000003,13,0
2015-03-14T01:51:00Z,70,40,30.29,0,0
2015-03-14T09:51:00Z,89,46,30.04,21,0.11
2015-03-14T12:45:00Z,87,46,29.9,9,0.11
2015-03-16T14:51:00Z,46,48,29.86,10,0
2015-03-16T15:51:00Z,58,44,29.86,13,0
2015-03-20T15:17:00Z,81,34,30.22,9,0.03
2015-03-20T19:43:00Z,86,30,30.150000000000002,11,0.03
2015-03-21T10:51:00Z,76,36,30.03,7,0
2015-03-22T00:51:00Z,45,44,29.919999999999998,21,0
2015-03-23T00:51:00Z,34,28,30.2,11,0
2015-03-23T03:51:00Z,40,26,30.21,18,0
2015-03-24T10:51:00Z,27,36,30.34,0,0
2015-03-24T17:51:00Z,59,36,30.32,9,0
2015-03-25T19:51:00Z,82,41,30.24,3,0.08
2015-03-25T20:31:00Z,87,41,30.22,5,0.01
2015-03-26T11:30:00Z,93,45,29.87,6,0
2015-03-26T21:21:00Z,88,54,29.62,15,0.01
2015-03-27T09:51:00Z,76,43,29.74,9,0
2015-03-27T16:51:00Z,56,47,29.71,8,0
2015-03-28T14:51:00Z,57,39,29.830000000000002,15,0
2015-03-28T23:51:00Z,63,28,30.110000000000003,20,0
2015-03-29T03:51:00Z,45,27,30.150000000000002,17,0
2015-03-29T12:51:00Z,16,42,30.23,7,0
2015-03-29T20:51:00Z,70,37,30.150000000000002,17,0
2015-04-01T21:51:00Z,23,46,30.2,6,0
2015-04-02T00:51:00Z,53,39,30.22,0,0
2015-04-03T00:51:00Z,77,47,29.88,14,0
2015-04-03T05:51:00Z,80,47,29.85,8,0.01
2015-04-03T21:47:00Z,93,46,29.650000000000002,6,0
2015-04-05T18:51:00Z,40,55,30.130000000000003,16,0
2015-04-06T17:51:00Z,59,54,30.110000000000003,21,0
2015-04-07T07:51:00Z,83,51,30.16,6,0.01
2015-04-07T13:51:00Z,62,54,30.21,11,0
2015-04-07T18:51:00Z,83,47,30.259999999999998,10,0.02
2015-04-08T07:51:00Z,60,44,30.34,14,0
2015-04-09T07:51:00Z,86,38,30.27,13,0
2015-04-09T14:51:00Z,74,43,30.29,11,0
2015-04-11T00:51:00Z,67,56,29.82,11,0
2015-04-12T21:51:00Z,77,46,30.32,6,0
2015-04-14T07:51:00Z,83,54,30.14,7,0.03
2015-04-14T12:51:00Z,44,62,30.150000000000002,9,0
2015-04-15T18:51:00Z,14,66,30.23,8,0
2015-04-17T03:51:00Z,77,54,30.14,16,0.01
2015-04-18T02:51:00Z,65,58,29.95,5,0
2015-04-18T13:51:00Z,42,69,29.89,15,0
2015-04-19T21:51:00Z,71,47,30.18,14,0
2015-04-20T10:51:00Z,90,54,29.72,26,0.08
2015-04-21T10:51:00Z,40,65,29.66,15,0
2015-04-22T01:51:00Z,59,52,29.77,3,0
2015-04-23T01:51:00Z,55,44,29.69,15,0
2015-04-23T16:51:00Z,39,49,29.73,18,0
2015-04-24T21:51:00Z,41,41,29.9,21,0
2015-04-25T04:51:00Z,50,39,29.91,13,0
2015-04-26T02:51:00Z,50,46,29.650000000000002,10,0
2015-04-27T11:51:00Z,32,59,29.650000000000002,14,0
2015-04-28T04:51:00Z,59,51,29.74,15,0
2015-04-28T21:51:00Z,44,60,29.74,8,0
2015-04-28T22:51:00Z,38,60,29.75,9,0
2015-04-29T14:51:00Z,27,73,29.62,15,0
2015-04-30T04:51:00Z,77,49,29.72,9,0
2015-05-01T18:51:00Z,71,49,29.959999999999997,9,0
2015-05-02T18:51:00Z,69,49,30,10,0
2015-05-03T04:51:00Z,74,47,30.04,6,0
2015-05-05T01:51:00Z,69,57,30.150000000000002,3,0
2015-05-06T10:51:00Z,35,68,30.27,10,0
2015-05-07T16:51:00Z,50,66,30.14,9,0
2015-05-08T04:51:00Z,96,53,30.130000000000003,0,0
2015-05-09T13:51:00Z,90,62,30.259999999999998,11,0
2015-05-10T19:51:00Z,84,66,30.12,15,0
2015-05-10T23:51:00Z,90,62,30.14,6,0
2015-05-11T16:51:00Z,76,73,30.02,23,0
2015-05-12T07:42:00Z,94,66,29.89,7,0
2015-05-13T05:51:00Z,44,60,30,11,0
2015-05-13T23:51:00Z,49,55,30.27,14,0
2015-05-14T19:51:00Z,51,58,30.29,10,0
2015-05-14T20:51:00Z,60,58,30.310000000000002,10,0
2015-05-16T01:51:00Z,75,59,30.18,5,0
2015-05-16T19:51:00Z,84,62,30.1,7,0
2015-05-20T20:51:00Z,39,58,29.99,15,0
2015-05-22T03:51:00Z,60,57,29.84,8,0
2015-05-23T02:51:00Z,26,54,30.259999999999998,22,0
2015-05-23T19:51:00Z,70,56,30.330000000000002,20,0
2015-05-25T14:51:00Z,54,75,30.17,22,0
2015-05-26T05:51:00Z,76,65,30.22,6,0
2015-05-26T08:51:00Z,64,72,30.21,9,0
2015-05-27T00:51:00Z,80,62,30.16,7,0
2015-05-27T01:51:00Z,87,61,30.150000000000002,5,0
2015-05-27T06:51:00Z,81,65,30.18,8,0
2015-05-27T11:51:00Z,68,72,30.17,17,0
2015-05-27T21:51:00Z,86,62,30.14,9,0
2015-05-28T05:51:00Z,90,62,30.150000000000002,3,0
2015-05-29T04:51:00Z,68,64,30.25,6,0
2015-05-29T11:51:00Z,43,78,30.27,13,0
2015-05-29T15:51:00Z,52,74,30.23,10,0
2015-05-30T09:51:00Z,73,72,30.2,10,0
2015-05-31T19:51:00Z,84,70,30.04,10,0.01
2015-06-01T00:51:00Z,86,62,30.09,14,0
2015-06-01T01:51:00Z,87,61,30.07,18,0
2015-06-01T02:44:00Z,88,61,30.07,11,0
2015-06-01T07:51:00Z,90,60,30.1,9,0
2015-06-01T12:51:00Z,84,60,30.09,14,0
2015-06-01T15:21:00Z,82,59,30.1,13,0
2015-06-01T17:51:00Z,90,57,30.1,11,0
2015-06-03T10:51:00Z,51,67,30.21,6,0
2015-06-06T00:51:00Z,86,60,29.88,0,0.01
2015-06-06T16:51:00Z,24,77,29.95,16,0
2015-06-07T03:51:00Z,81,56,30.130000000000003,3,0
2015-06-07T04:51:00Z,67,56,30.16,5,0
2015-06-07T12:51:00Z,46,70,30.16,10,0
2015-06-09T00:51:00Z,87,66,29.759999999999998,13,0
2015-06-09T02:51:00Z,90,66,29.71,11,0
2015-06-09T14:51:00Z,69,74,29.650000000000002,23,0
2015-06-09T15:51:00Z,62,76,29.64,15,0
2015-06-11T15:51:00Z,58,82,29.85,10,0
2015-06-14T11:51:00Z,48,83,30.04,10,0
2015-06-14T20:51:00Z,76,71,30.04,15,0
2015-06-14T21:51:00Z,82,70,30.06,13,0.07
2015-06-15T04:21:00Z,83,70,29.959999999999997,10,0.03
2015-06-15T21:51:00Z,84,66,29.959999999999997,8,0
2015-06-16T23:51:00Z,58,75,29.939999999999998,13,0
2015-06-17T02:51:00Z,68,71,29.979999999999997,7,0
2015-06-17T13:51:00Z,50,76,30.12,11,0
2015-06-19T00:51:00Z,84,67,29.93,5,0
2015-06-19T16:51:00Z,49,84,29.89,10,0
2015-06-21T01:51:00Z,87,73,29.8,22,0.09
2015-06-21T02:28:00Z,94,72,29.779999999999998,16,0.02
2015-06-22T23:51:00Z,72,76,29.939999999999998,7,0
2015-06-23T19:51:00Z,70,84,29.75,14,0
2015-06-24T13:51:00Z,34,84,29.959999999999997,8,0
2015-06-24T18:51:00Z,35,82,29.959999999999997,15,0
2015-06-25T09:51:00Z,34,80,30.06,9,0
2015-06-26T00:51:00Z,71,72,29.93,7,0
2015-06-27T21:51:00Z,87,63,29.87,17,0.1
2015-06-28T02:51:00Z,91,67,29.66,9,0.16
2015-06-28T07:51:00Z,90,64,29.650000000000002,13,0
2015-06-28T11:25:00Z,88,66,29.66,5,0
2015-06-29T15:51:00Z,47,77,29.89,17,0
2015-06-30T03:51:00Z,81,68,29.939999999999998,0,0
2015-06-30T22:51:00Z,84,73,29.830000000000002,18,0
2015-07-01T11:51:00Z,58,81,29.79,14,0
2015-07-03T19:51:00Z,73,72,29.95,7,0
2015-07-03T20:51:00Z,76,72,29.97,6,0
2015-07-04T16:51:00Z,25,80,29.919999999999998,5,0
2015-07-04T18:51:00Z,41,74,29.95,5,0
2015-07-05T02:51:00Z,81,68,30.03,5,0
2015-07-06T11:51:00Z,60,80,30.16,9,0
2015-07-06T22:51:00Z,82,74,30.08,8,0
2015-07-07T03:51:00Z,90,75,30.04,7,0
2015-07-07T08:51:00Z,77,81,30.04,13,0
2015-07-08T15:51:00Z,67,83,29.91,6,0
2015-07-08T16:24:00Z,66,82,29.919999999999998,0,0
2015-07-09T05:51:00Z,66,73,29.959999999999997,8,0
2015-07-11T14:51:00Z,38,84,30.05,10,0
2015-07-11T17:51:00Z,49,80,30.04,7,0
2015-07-11T21:51:00Z,69,75,30.06,7,0
2015-07-13T11:51:00Z,58,82,29.9,10,0
2015-07-13T12:51:00Z,58,82,29.89,10,0
2015-07-13T19:51:00Z,67,74,29.830000000000002,7,0
2015-07-14T14:01:00Z,89,77,29.610000000000003,9,0.02
2015-07-15T15:51:00Z,67,82,29.67,13,0
2015-07-16T08:51:00Z,43,73,30.02,16,0
2015-07-18T04:51:00Z,76,74,29.979999999999997,11,0
2015-07-18T05:51:00Z,76,74,29.979999999999997,13,0
2015-07-18T18:51:00Z,82,77,29.86,16,0
2015-07-19T06:51:00Z,85,78,29.86,6,0
2015-07-19T10:51:00Z,63,87,29.84,8,0
2015-07-19T18:51:00Z,79,80,29.74,14,0
2015-07-19T19:51:00Z,82,79,29.74,6,0
2015-07-19T23:51:00Z,77,82,29.73,9,0
2015-07-20T10:51:00Z,43,92,29.7,13,0
2015-07-20T16:51:00Z,61,86,29.650000000000002,15,0
2015-07-21T01:51:00Z,72,81,29.64,6,0
2015-07-21T18:51:00Z,77,79,29.59,10,0
2015-07-22T08:51:00Z,36,79,29.75,17,0
2015-07-23T13:51:00Z,24,86,29.87,13,0
2015-07-24T19:51:00Z,62,74,29.93,7,0
2015-07-25T13:51:00Z,46,83,29.99,13,0
2015-07-25T16:51:00Z,51,81,29.97,14,0
2015-07-26T20:51:00Z,74,77,29.99,18,0
2015-07-26T22:51:00Z,69,77,29.979999999999997,6,0
2015-07-28T07:51:00Z,77,79,30,8,0
2015-07-28T09:51:00Z,67,82,29.979999999999997,9,0
2015-07-28T13:51:00Z,55,88,29.939999999999998,13,0
2015-07-28T22:51:00Z,74,80,29.959999999999997,8,0
2015-07-29T03:51:00Z,88,75,29.939999999999998,7,0
2015-07-29T12:51:00Z,42,91,29.959999999999997,14,0
2015-07-29T15:51:00Z,55,88,29.919999999999998,17,0
2015-07-30T01:51:00Z,85,76,29.919999999999998,7,0
2015-07-30T07:51:00Z,77,79,29.91,11,0.02
2015-07-30T12:51:00Z,77,83,29.830000000000002,18,0
2015-07-31T00:51:00Z,88,77,29.82,7,0
2015-07-31T20:51:00Z,34,83,29.810000000000002,8,0
2015-08-02T20:51:00Z,71,78,29.87,10,0
2015-08-02T22:51:00Z,66,77,29.86,10,0
2015-08-05T23:51:00Z,40,75,29.95,9,0
2015-08-07T00:51:00Z,67,74,29.89,0,0
2015-08-07T09:51:00Z,41,81,29.91,10,0
2015-08-07T17:51:00Z,48,78,29.88,10,0
2015-08-08T06:51:00Z,59,73,29.97,10,0
2015-08-08T11:51:00Z,35,82,29.959999999999997,13,0
2015-08-08T21:51:00Z,66,72,29.979999999999997,0,0
2015-08-09T00:51:00Z,68,70,29.97,3,0
2015-08-10T06:51:00Z,69,74,30.05,11,0
2015-08-10T15:51:00Z,58,79,30,17,0
2015-08-11T06:04:00Z,89,73,29.82,16,0.06
2015-08-12T00:51:00Z,67,76,29.759999999999998,10,0
2015-08-12T03:51:00Z,64,74,29.79,9,0
2015-08-12T16:51:00Z,43,84,29.82,14,0
2015-08-13T07:51:00Z,50,76,30.02,6,0
2015-08-14T12:51:00Z,32,86,30.130000000000003,15,0
2015-08-14T14:51:00Z,41,84,30.110000000000003,15,0
2015-08-14T20:51:00Z,69,76,30.110000000000003,8,0
2015-08-16T14:01:00Z,62,82,30.08,17,0
2015-08-17T10:51:00Z,53,86,30.08,8,0
2015-08-17T20:51:00Z,72,79,30.02,9,0
2015-08-19T11:51:00Z,65,86,30.03,11,0
2015-08-19T12:51:00Z,63,86,30.03,15,0
2015-08-19T14:51:00Z,65,85,30.03,16,0
2015-08-21T05:45:00Z,83,75,29.959999999999997,10,0.02
2015-08-23T10:51:00Z,60,79,29.99,0,0
2015-08-25T09:51:00Z,69,80,29.87,9,0
2015-08-25T19:51:00Z,41,82,29.85,15,0
2015-08-25T23:51:00Z,39,76,29.89,11,0
2015-08-28T20:51:00Z,67,74,30.18,11,0
2015-08-29T20:51:00Z,71,75,30.1,11,0
2015-08-31T02:51:00Z,77,76,30,10,0
2015-08-31T11:51:00Z,55,87,30.01,11,0
2015-08-31T13:51:00Z,47,90,29.959999999999997,15,0
2015-09-01T05:51:00Z,72,76,30.01,3,0
2015-09-01T16:51:00Z,58,80,30.01,10,0
2015-09-03T11:51:00Z,42,90,29.84,7,0
2015-09-04T18:51:00Z,64,75,30.130000000000003,14,0
2015-09-06T13:51:00Z,45,79,30.19,11,0
2015-09-07T16:51:00Z,69,80,30,20,0
2015-09-08T11:51:00Z,48,89,29.99,11,0
2015-09-08T16:51:00Z,65,83,29.93,22,0
2015-09-09T01:51:00Z,84,75,29.95,10,0
2015-09-09T04:51:00Z,90,75,29.95,9,0
2015-09-09T07:51:00Z,79,79,29.95,8,0
2015-09-09T15:51:00Z,82,80,29.830000000000002,14,0
2015-09-10T21:51:00Z,91,74,29.7,8,0
2015-09-10T23:51:00Z,90,71,29.69,10,0.05
2015-09-12T05:51:00Z,81,71,29.82,8,0
2015-09-12T22:51:00Z,84,73,29.650000000000002,16,0
2015-09-13T01:51:00Z,87,72,29.650000000000002,3,0
2015-09-13T06:51:00Z,82,70,29.69,11,0
2015-09-13T22:51:00Z,60,64,29.85,15,0
2015-09-14T00:51:00Z,58,62,29.88,16,0
2015-09-14T15:51:00Z,36,76,30.05,15,0
2015-09-15T01:51:00Z,52,66,30.21,6,0
2015-09-15T07:51:00Z,47,71,30.3,7,0
2015-09-15T09:51:00Z,39,76,30.310000000000002,0,0
2015-09-16T09:51:00Z,42,81,30.32,3,0
2015-09-17T14:51:00Z,49,82,30.08,13,0
2015-09-18T01:51:00Z,68,69,30.03,7,0
2015-09-19T20:51:00Z,88,74,29.87,13,0
2015-09-19T22:51:00Z,87,73,29.88,3,0
2015-09-20T16:51:00Z,36,75,29.99,15,0
2015-09-21T04:51:00Z,62,60,30.130000000000003,9,0
2015-09-21T09:51:00Z,54,66,30.21,15,0
2015-09-21T20:51:00Z,47,67,30.21,10,0
2015-09-25T21:51:00Z,70,65,30.35,7,0
2015-09-25T22:51:00Z,66,65,30.35,7,0
2015-09-26T08:51:00Z,59,68,30.43,14,0
2015-09-26T22:51:00Z,64,59,30.47,7,0
2015-09-27T03:51:00Z,75,56,30.43,8,0
2015-09-27T10:51:00Z,57,69,30.43,0,0
2015-09-27T23:51:00Z,84,62,30.29,5,0
2015-09-29T15:51:00Z,88,75,29.959999999999997,9,0
2015-09-30T05:51:00Z,94,73,29.67,22,0.03
2015-09-30T12:51:00Z,85,77,29.69,9,0
2015-09-30T20:51:00Z,68,64,29.9,25,0
2015-10-01T14:51:00Z,75,60,30.07,9,0.01
2015-10-02T11:51:00Z,83,51,30.18,15,0.08
2015-10-05T16:51:00Z,51,65,30.09,10,0
2015-10-06T16:51:00Z,49,67,29.939999999999998,6,0
2015-10-09T11:51:00Z,69,73,29.88,21,0
2015-10-11T12:51:00Z,45,66,29.9,14,0
2015-10-13T07:51:00Z,87,66,29.57,9,0
2015-10-13T11:51:00Z,68,72,29.54,9,0
2015-10-14T13:51:00Z,47,67,29.72,15,0
2015-10-15T03:51:00Z,59,53,29.919999999999998,7,0
2015-10-15T19:51:00Z,52,60,29.979999999999997,16,0
2015-10-16T08:51:00Z,46,61,29.959999999999997,17,0
2015-10-18T05:51:00Z,57,38,30.259999999999998,7,0
2015-10-19T17:51:00Z,41,50,30.330000000000002,16,0
2015-10-19T21:51:00Z,55,49,30.29,22,0
2015-10-20T00:51:00Z,59,49,30.259999999999998,16,0
2015-10-22T00:51:00Z,80,55,30.22,9,0
2015-10-23T08:51:00Z,44,58,30.19,18,0
2015-10-24T17:51:00Z,62,55,30.27,9,0
2015-10-25T16:51:00Z,49,65,30.06,22,0
2015-10-26T00:51:00Z,58,48,30.279999999999998,8,0
2015-10-26T10:51:00Z,41,57,30.439999999999998,13,0
2015-10-27T01:51:00Z,68,45,30.49,3,0
2015-10-27T12:51:00Z,48,58,30.53,9,0
2015-10-27T22:51:00Z,77,49,30.47,8,0
2015-10-28T21:51:00Z,90,68,29.68,24,0.06
2015-10-30T22:51:00Z,44,49,30.1,13,0
2015-11-01T11:51:00Z,65,62,29.89,9,0
2015-11-01T17:51:00Z,78,60,29.9,11,0
2015-11-02T07:51:00Z,72,57,30.07,5,0
2015-11-03T06:51:00Z,86,50,30.18,3,0
2015-11-03T20:51:00Z,78,57,30.22,5,0
2015-11-05T17:51:00Z,93,64,30.17,5,0
2015-11-06T03:51:00Z,93,64,30.07,6,0
2015-11-06T20:51:00Z,87,67,29.9,8,0
2015-11-06T21:51:00Z,84,69,29.9,14,0
2015-11-08T00:51:00Z,42,54,30.16,21,0
2015-11-09T14:51:00Z,45,57,30.39,7,0
2015-11-10T05:51:00Z,78,57,30.17,9,0
2015-11-11T06:38:00Z,82,52,29.759999999999998,16,0.01
2015-11-11T10:51:00Z,72,53,29.82,16,0
2015-11-12T12:51:00Z,83,59,29.72,17,0.03
2015-11-12T21:51:00Z,84,58,29.54,16,0
2015-11-13T11:51:00Z,32,60,29.66,24,0
2015-11-13T13:51:00Z,31,59,29.67,18,0
2015-11-16T07:51:00Z,57,53,30.23,8,0
2015-11-18T18:51:00Z,72,58,30.4,14,0
2015-11-19T14:51:00Z,90,61,30.07,20,0
2015-11-19T15:42:00Z,83,63,30.05,23,0
2015-11-19T23:51:00Z,93,61,29.939999999999998,10,0.05
2015-11-20T12:51:00Z,27,59,30.08,16,0
2015-11-22T12:51:00Z,38,51,29.919999999999998,13,0
2015-11-22T16:51:00Z,36,50,29.88,13,0
2015-11-23T03:51:00Z,48,39,29.93,18,0
2015-11-25T21:51:00Z,70,39,30.8,6,0
2015-11-27T12:51:00Z,70,62,30.419999999999998,5,0
2015-11-27T13:51:00Z,70,62,30.38,7,0
2015-11-27T17:51:00Z,80,55,30.3,8,0
2015-11-29T08:51:00Z,60,41,30.25,14,0
2015-11-30T04:51:00Z,64,34,30.4,7,0
2015-11-30T11:51:00Z,52,48,30.41,9,0
2015-11-30T14:51:00Z,52,49,30.37,10,0
2015-12-01T02:51:00Z,83,47,30.279999999999998,9,0.01
2015-12-01T13:51:00Z,83,50,30.130000000000003,14,0
2015-12-02T10:51:00Z,93,52,29.88,0,0.02
2015-12-02T18:51:00Z,96,55,29.64,3,0
2015-12-03T16:51:00Z,44,49,30.01,13,0
2015-12-03T23:51:00Z,58,45,30.23,17,0
2015-12-04T23:51:00Z,63,43,30.57,8,0
2015-12-05T03:51:00Z,76,36,30.610000000000003,0,0
2015-12-05T07:51:00Z,70,41,30.67,5,0
2015-12-06T23:51:00Z,80,43,30.25,9,0
2015-12-07T20:51:00Z,50,49,30.07,10,0
2015-12-08T01:51:00Z,58,44,30.04,17,0
2015-12-08T02:51:00Z,60,43,30.03,13,0
2015-12-08T14:51:00Z,56,49,30.07,9,0
2015-12-09T17:51:00Z,75,52,30.04,13,0
2015-12-11T05:51:00Z,89,48,29.91,0,0
2015-12-11T08:51:00Z,92,51,29.95,10,0
2015-12-11T18:51:00Z,80,55,29.95,9,0
2015-12-11T21:51:00Z,77,55,29.99,9,0
2015-12-11T22:51:00Z,77,55,30,10,0
2015-12-12T05:51:00Z,89,50,30.09,5,0
2015-12-12T21:51:00Z,90,54,30.12,0,0
2015-12-13T09:51:00Z,72,61,30.16,0,0
2015-12-14T04:51:00Z,96,53,29.979999999999997,5,0
2015-12-14T19:37:00Z,88,61,29.6,21,0.1
2015-12-15T00:51:00Z,93,60,29.39,22,0
2015-12-16T05:51:00Z,66,47,30.03,8,0
2015-12-16T06:51:00Z,61,46,30.07,10,0
2015-12-16T11:51:00Z,45,52,30.12,9,0
2015-12-17T20:51:00Z,90,59,29.650000000000002,9,0
2015-12-18T08:51:00Z,66,49,29.73,10,0
2015-12-18T10:51:00Z,63,47,29.73,14,0
2015-12-18T20:51:00Z,41,42,29.779999999999998,21,0
2015-12-19T15:51:00Z,38,40,30.12,24,0
2015-12-20T09:51:00Z,39,39,30.51,14,0
2015-12-21T05:51:00Z,63,45,30.35,11,0
2015-12-21T13:51:00Z,53,52,30.17,11,0
2015-12-21T17:51:00Z,64,52,30.12,7,0
2015-12-22T10:41:00Z,94,55,30,13,0.04
2015-12-22T11:20:00Z,94,55,29.979999999999997,13,0
2015-12-22T13:51:00Z,93,56,29.91,16,0
2015-12-23T11:51:00Z,93,56,30.14,11,0.02
2015-12-23T18:51:00Z,93,60,29.97,16,0.04
2015-12-23T22:51:00Z,93,61,29.86,22,0.07
2015-12-25T06:51:00Z,93,55,30.14,0,0
2015-12-25T17:44:00Z,88,61,30.150000000000002,5,0
2015-12-27T19:51:00Z,78,61,29.88,18,0
2015-12-27T21:51:00Z,75,54,29.95,22,0
2015-12-28T05:51:00Z,65,40,30.279999999999998,11,0
2015-12-28T19:01:00Z,48,39,30.53,10,0
2015-12-28T21:51:00Z,70,36,30.47,15,0
2015-12-30T08:51:00Z,85,42,30.32,7,0
2016-01-01T06:51:00Z,57,41,30.05,11,0
2016-01-01T11:51:00Z,51,42,30.01,15,0
2016-01-01T12:51:00Z,51,42,29.99,17,0
2016-01-03T17:51:00Z,43,43,29.85,16,0
2016-01-04T00:51:00Z,60,38,29.87,9,0
2016-01-06T13:51:00Z,26,38,30.459999999999997,8,0
2016-01-06T17:51:00Z,46,35,30.439999999999998,8,0
2016-01-10T15:51:00Z,96,53,29.29,24,0
2016-01-10T22:51:00Z,51,42,29.57,23,0
2016-01-11T14:51:00Z,29,35,29.93,17,0
2016-01-12T00:51:00Z,37,27,30.1,6,0
2016-01-12T20:51:00Z,60,41,29.64,22,0
2016-01-13T19:51:00Z,38,26,30.02,17,0
2016-01-14T06:51:00Z,55,26,29.959999999999997,13,0
2016-01-14T09:51:00Z,41,30,29.959999999999997,11,0
2016-01-14T18:51:00Z,52,38,29.97,0,0
2016-01-14T22:51:00Z,57,36,29.97,6,0
2016-01-16T06:51:00Z,83,45,29.37,14,0.01
2016-01-17T06:51:00Z,52,36,29.830000000000002,13,0
2016-01-17T17:51:00Z,89,31,29.73,9,0.03
2016-01-19T02:51:00Z,45,19,30,21,0
2016-01-19T17:51:00Z,30,29,30.05,20,0
2016-01-20T04:51:00Z,54,29,30.19,13,0
2016-01-20T13:51:00Z,39,39,30.1,9,0
2016-01-20T16:51:00Z,42,36,30.08,6,0
2016-01-20T20:51:00Z,48,34,30.07,7,0
2016-01-22T00:51:00Z,40,26,30.24,16,0
2016-01-22T03:51:00Z,44,23,30.25,11,0
2016-01-23T08:51:00Z,88,30,29.7,26,0.09
2016-01-23T17:51:00Z,85,29,29.630000000000003,23,0.01
2016-01-24T01:51:00Z,71,26,29.73,24,0
2016-01-26T08:51:00Z,79,40,30.110000000000003,15,0
2016-01-26T09:51:00Z,82,39,30.08,10,0
2016-01-26T12:51:00Z,71,42,29.97,6,0
2016-01-26T19:51:00Z,65,43,29.959999999999997,9,0
2016-01-27T00:51:00Z,71,43,29.93,3,0
2016-01-28T00:51:00Z,61,33,30.130000000000003,0,0
2016-01-28T20:51:00Z,67,36,29.73,6,0
2016-01-30T12:51:00Z,57,35,30.05,14,0
2016-01-31T09:51:00Z,65,41,29.979999999999997,10,0
2016-02-01T15:51:00Z,47,57,29.84,15,0
2016-02-01T19:51:00Z,50,50,29.95,9,0
2016-02-02T03:51:00Z,59,37,30.16,6,0
2016-02-03T15:51:00Z,93,54,29.959999999999997,21,0.05
2016-02-04T06:51:00Z,93,49,29.89,0,0
2016-02-04T22:51:00Z,65,44,30.06,13,0.02
2016-02-05T11:51:00Z,92,32,30.07,22,0.01
2016-02-06T14:51:00Z,48,38,30.310000000000002,10,0
2016-02-06T22:51:00Z,64,35,30.29,10,0
2016-02-07T12:51:00Z,41,44,30.12,5,0
2016-02-08T06:51:00Z,68,38,29.75,17,0
2016-02-08T12:51:00Z,82,31,29.74,18,0.01
2016-02-08T17:51:00Z,76,31,29.759999999999998,8,0
2016-02-09T07:51:00Z,78,28,29.68,11,0
2016-02-10T08:51:00Z,82,35,29.62,15,0
2016-02-10T13:51:00Z,53,39,29.6,16,0
2016-02-11T02:51:00Z,69,28,29.77,16,0
2016-02-12T21:51:00Z,50,24,29.95,15,0
2016-02-14T21:51:00Z,36,14,30.55,5,0
2016-02-14T23:51:00Z,30,16,30.56,5,0
2016-02-16T18:51:00Z,71,48,29.55,21,0
2016-02-17T08:51:00Z,60,40,29.959999999999997,11,0
2016-02-21T01:51:00Z,64,49,29.830000000000002,9,0
2016-02-23T03:51:00Z,57,36,30.27,8,0
2016-02-23T22:51:00Z,89,38,30.17,17,0.01
2016-02-24T07:51:00Z,93,43,29.99,13,0.01
2016-02-25T10:51:00Z,77,50,29.259999999999998,22,0
2016-02-26T10:51:00Z,31,38,29.85,22,0
2016-03-01T10:51:00Z,25,46,30.150000000000002,13,0
2016-03-01T13:51:00Z,39,48,30.1,15,0
2016-03-03T20:51:00Z,52,34,30.24,10,0
2016-03-03T23:51:00Z,57,35,30.19,3,0
2016-03-05T22:51:00Z,64,34,30.2,7,0
2016-03-07T03:51:00Z,82,35,30.27,10,0
2016-03-08T03:51:00Z,76,44,30.08,5,0
2016-03-08T06:51:00Z,68,48,30.12,0,0
2016-03-11T01:51:00Z,65,68,29.86,10,0
2016-03-12T01:51:00Z,50,46,30.34,7,0
2016-03-12T18:51:00Z,83,49,30.05,0,0
2016-03-13T01:51:00Z,71,50,29.979999999999997,7,0
2016-03-13T20:51:00Z,53,52,30.1,10,0
2016-03-14T17:51:00Z,89,44,29.95,18,0.01
2016-03-16T18:29:00Z,87,48,29.830000000000002,7,0.01
2016-03-16T23:51:00Z,83,48,29.86,11,0
2016-03-17T04:51:00Z,89,44,29.87,5,0
2016-03-20T22:41:00Z,87,34,29.939999999999998,7,0.01
2016-03-21T01:51:00Z,89,34,29.86,9,0.03
2016-03-21T18:51:00Z,25,45,29.89,20,0
2016-03-22T13:51:00Z,35,50,30.09,20,0
2016-03-22T20:51:00Z,77,47,30.04,21,0
2016-03-23T20:51:00Z,77,50,30.01,6,0
2016-03-25T14:51:00Z,83,59,29.71,6,0
2016-03-26T13:51:00Z,52,51,30.3,15,0
2016-03-27T12:51:00Z,59,49,30.34,14,0
2016-03-27T14:51:00Z,63,47,30.3,13,0
2016-03-29T21:51:00Z,25,43,30.18,18,0
2016-03-30T13:51:00Z,42,48,30.310000000000002,17,0
2016-03-30T22:51:00Z,66,46,30.16,17,0
2016-03-31T08:51:00Z,69,57,30.02,18,0
2016-03-31T12:51:00Z,54,64,29.939999999999998,23,0
2016-04-04T16:51:00Z,89,42,29.82,13,0.08
2016-04-05T07:51:00Z,39,29,30.25,21,0
2016-04-05T15:51:00Z,23,42,30.27,14,0
2016-04-06T23:51:00Z,83,48,29.959999999999997,8,0
2016-04-07T14:51:00Z,84,56,29.38,25,0
2016-04-07T18:51:00Z,64,54,29.41,14,0
2016-04-12T10:51:00Z,83,47,30.04,14,0.04
2016-04-13T06:51:00Z,47,43,30.41,15,0
2016-04-15T18:51:00Z,61,48,30.38,7,0
2016-04-17T00:51:00Z,66,46,30.439999999999998,6,0
2016-04-17T04:51:00Z,79,44,30.43,5,0
2016-04-18T15:51:00Z,19,71,30.12,11,0
2016-04-18T17:51:00Z,37,62,30.1,13,0
2016-04-18T18:51:00Z,55,57,30.1,7,0
2016-04-19T07:51:00Z,36,67,29.95,17,0
2016-04-23T09:51:00Z,75,63,29.82,15,0.01
2016-04-23T21:51:00Z,39,58,29.93,14,0
2016-04-24T13:51:00Z,21,62,30,13,0
2016-04-25T03:51:00Z,77,51,30.02,0,0
2016-04-27T00:51:00Z,71,47,29.87,10,0
2016-04-27T14:51:00Z,59,54,29.89,10,0
2016-04-28T08:51:00Z,24,55,30.05,11,0
2016-04-29T01:51:00Z,66,49,30.04,5,0
2016-04-29T02:51:00Z,66,49,30.05,6,0
2016-04-29T08:51:00Z,52,51,30.12,16,0
2016-04-29T11:51:00Z,36,57,30.1,18,0
2016-04-30T03:51:00Z,80,47,30.17,5,0
2016-05-01T03:51:00Z,66,49,30.19,6,0
2016-05-01T04:51:00Z,66,49,30.2,7,0
2016-05-01T05:51:00Z,66,49,30.21,6,0
2016-05-01T13:27:00Z,82,48,30.14,11,0
2016-05-02T10:51:00Z,89,51,29.959999999999997,6,0
2016-05-02T13:51:00Z,83,55,29.91,8,0
2016-05-03T00:51:00Z,96,53,29.89,5,0.11
2016-05-04T04:51:00Z,83,50,29.8,7,0
2016-05-04T07:51:00Z,80,51,29.779999999999998,13,0
2016-05-05T02:51:00Z,86,47,29.69,10,0
2016-05-05T09:51:00Z,74,50,29.69,17,0
2016-05-07T05:14:00Z,94,48,29.79,7,0
2016-05-08T05:51:00Z,93,49,29.66,5,0
2016-05-08T12:19:00Z,56,64,29.630000000000003,14,0
2016-05-08T19:51:00Z,31,59,29.85,7,0
2016-05-08T22:51:00Z,36,58,29.93,9,0
2016-05-09T02:51:00Z,74,49,29.939999999999998,9,0
2016-05-09T15:51:00Z,32,71,29.93,22,0
2016-05-11T20:51:00Z,62,60,30.110000000000003,0,0
2016-05-12T13:51:00Z,39,67,30.08,10,0
2016-05-12T18:51:00Z,70,60,30.03,8,0
2016-05-13T02:51:00Z,87,54,29.939999999999998,0,0
2016-05-13T06:51:00Z,87,59,29.9,5,0
2016-05-13T14:38:00Z,100,57,29.79,10,0.04
2016-05-13T14:51:00Z,97,58,29.779999999999998,9,0.03
2016-05-14T19:51:00Z,80,60,29.630000000000003,16,0
2016-05-15T01:51:00Z,51,53,29.68,13,0
2016-05-15T10:51:00Z,45,57,29.759999999999998,22,0
2016-05-16T01:51:00Z,46,45,30,16,0
2016-05-16T08:51:00Z,35,51,30.06,20,0
2016-05-16T14:51:00Z,21,66,30,23,0
2016-05-17T15:51:00Z,70,58,30.14,14,0
2016-05-19T02:51:00Z,77,54,30.08,5,0
2016-05-19T03:51:00Z,83,54,30.08,3,0
2016-05-21T03:51:00Z,93,50,30.150000000000002,3,0
2016-05-21T06:51:00Z,78,59,30.14,0,0
2016-05-21T19:51:00Z,84,58,29.91,9,0
2016-05-22T02:51:00Z,83,55,29.79,9,0
2016-05-23T14:51:00Z,47,68,29.87,10,0
2016-05-24T03:51:00Z,90,60,29.85,10,0.09
2016-05-24T07:51:00Z,86,62,29.9,3,0.01
2016-05-24T08:51:00Z,86,62,29.91,6,0
2016-05-25T10:51:00Z,41,79,30.05,11,0
2016-05-26T09:51:00Z,50,76,30.09,9,0
2016-05-28T17:51:00Z,61,72,30.07,20,0
2016-05-29T10:51:00Z,67,74,30.14,11,0
2016-05-29T13:51:00Z,69,75,30.110000000000003,17,0
2016-05-29T17:51:00Z,87,70,30.06,8,0
2016-05-29T21:51:00Z,93,66,30.06,7,0
2016-05-30T22:51:00Z,91,67,29.95,8,0
2016-05-31T19:51:00Z,87,70,29.939999999999998,6,0
2016-06-01T00:51:00Z,90,66,29.979999999999997,5,0
2016-06-01T01:51:00Z,91,67,29.99,0,0
2016-06-01T03:51:00Z,79,67,30.01,5,0
2016-06-02T13:51:00Z,76,69,30.110000000000003,14,0
2016-06-03T15:51:00Z,84,66,30.03,6,0
2016-06-05T02:51:00Z,90,66,29.88,6,0
2016-06-07T05:51:00Z,79,72,29.56,8,0
2016-06-07T14:51:00Z,32,82,29.439999999999998,13,0
2016-06-07T18:51:00Z,39,77,29.47,15,0
2016-06-08T08:51:00Z,51,67,29.610000000000003,14,0
2016-06-08T12:51:00Z,93,57,29.62,22,0.36
2016-06-08T13:51:00Z,80,54,29.64,17,0.26
2016-06-09T11:51:00Z,30,70,29.8,24,0
2016-06-10T00:51:00Z,30,63,29.91,9,0
2016-06-10T06:51:00Z,37,62,29.97,17,0
2016-06-10T08:51:00Z,30,67,29.97,22,0
2016-06-11T12:51:00Z,68,72,29.810000000000002,15,0
2016-06-11T14:51:00Z,57,81,29.759999999999998,10,0
2016-06-13T06:51:00Z,50,62,29.830000000000002,23,0
2016-06-13T15:51:00Z,36,74,29.77,23,0
2016-06-14T02:51:00Z,56,62,29.85,14,0
2016-06-14T05:51:00Z,58,62,29.91,14,0
2016-06-14T08:51:00Z,36,69,29.919999999999998,18,0
2016-06-15T16:51:00Z,54,74,29.84,18,0
2016-06-17T01:51:00Z,84,65,29.779999999999998,0,0
2016-06-17T05:51:00Z,87,67,29.830000000000002,5,0
2016-06-18T06:51:00Z,46,70,30.19,3,0
2016-06-18T14:51:00Z,42,78,30.22,11,0
2016-06-19T15:51:00Z,62,73,30.259999999999998,13,0
2016-06-20T08:51:00Z,69,73,30.17,7,0
2016-06-21T13:51:00Z,35,88,29.77,11,0
2016-06-21T21:51:00Z,31,80,29.79,9,0
2016-06-22T05:51:00Z,48,72,29.79,3,0
2016-06-22T19:51:00Z,27,84,29.86,10,0
2016-06-23T10:51:00Z,52,77,29.84,3,0
2016-06-23T14:51:00Z,44,82,29.82,9,0
2016-06-24T06:51:00Z,60,75,29.979999999999997,11,0
2016-06-25T15:51:00Z,32,79,30.18,11,0
2016-06-26T09:51:00Z,48,77,30.21,11,0
2016-06-27T17:51:00Z,58,75,29.979999999999997,20,0
2016-06-27T18:51:00Z,62,74,29.99,22,0
2016-06-27T21:51:00Z,91,72,30,16,0.02
2016-06-28T01:31:00Z,87,71,29.97,7,0.05
2016-06-28T16:51:00Z,87,73,29.88,11,0
2016-06-28T20:51:00Z,87,72,29.88,9,0
2016-06-29T06:51:00Z,79,75,29.87,5,0
2016-06-29T07:51:00Z,67,78,29.87,3,0
2016-06-30T00:51:00Z,52,74,29.93,10,0
2016-06-30T16:51:00Z,58,78,29.99,23,0
2016-06-30T19:51:00Z,74,75,30,14,0
2016-07-03T19:51:00Z,58,75,30.05,14,0
2016-07-04T04:51:00Z,84,66,30.06,7,0
2016-07-06T06:51:00Z,61,83,29.87,3,0
2016-07-06T21:51:00Z,88,76,29.82,9,0
2016-07-07T13:51:00Z,74,83,29.73,18,0
2016-07-08T23:51:00Z,84,68,29.84,16,0
2016-07-09T04:51:00Z,84,66,29.84,13,0
2016-07-10T00:51:00Z,90,68,29.79,5,0
2016-07-10T08:51:00Z,72,76,29.830000000000002,9,0
2016-07-10T22:51:00Z,61,72,29.95,10,0
2016-07-11T00:51:00Z,68,70,29.979999999999997,10,0
2016-07-11T18:51:00Z,73,72,30.08,8,0
2016-07-12T17:51:00Z,71,75,30.05,20,0
2016-07-13T11:51:00Z,65,81,30.06,16,0
2016-07-14T02:51:00Z,94,75,29.95,10,0
2016-07-14T03:51:00Z,94,75,29.959999999999997,11,0
2016-07-15T00:51:00Z,82,79,29.810000000000002,7,0
2016-07-16T01:51:00Z,69,80,29.91,8,0
2016-07-16T07:51:00Z,49,84,30,6,0
2016-07-18T06:51:00Z,82,78,30.09,10,0
2016-07-19T09:51:00Z,37,82,30.09,16,0
2016-07-19T17:51:00Z,26,83,30.06,15,0
2016-07-19T19:51:00Z,30,80,30.110000000000003,10,0
2016-07-20T01:51:00Z,51,71,30.17,6,0
2016-07-20T14:51:00Z,38,80,30.16,11,0
2016-07-20T16:51:00Z,45,79,30.130000000000003,11,0
2016-07-21T07:51:00Z,60,79,30.150000000000002,8,0
2016-07-22T07:51:00Z,77,79,29.959999999999997,15,0
2016-07-22T13:51:00Z,53,89,29.85,14,0
2016-07-22T17:51:00Z,67,83,29.779999999999998,15,0
2016-07-22T19:51:00Z,61,84,29.79,16,0
2016-07-22T21:51:00Z,69,80,29.8,15,0
2016-07-24T09:51:00Z,36,88,29.97,6,0
2016-07-24T14:51:00Z,51,84,29.939999999999998,15,0
2016-07-24T15:51:00Z,58,82,29.93,18,0
2016-07-25T00:51:00Z,82,75,29.939999999999998,8,0
2016-07-25T03:51:00Z,84,75,29.93,7,0.02
2016-07-25T19:51:00Z,88,75,29.87,10,0.03
2016-07-26T09:51:00Z,48,87,29.89,7,0
2016-07-27T18:51:00Z,67,80,29.88,6,0
2016-07-28T12:51:00Z,61,86,29.86,10,0
2016-07-29T08:51:00Z,87,71,29.830000000000002,14,0.05
2016-07-29T19:51:00Z,79,76,29.88,8,0
2016-07-31T14:51:00Z,82,79,29.97,17,0
2016-08-03T00:51:00Z,78,66,30.12,0,0
2016-08-03T21:51:00Z,76,70,30.16,5,0
2016-08-04T05:51:00Z,84,67,30.16,5,0
2016-08-04T13:51:00Z,67,78,30.130000000000003,11,0
2016-08-04T14:51:00Z,64,76,30.12,13,0
2016-08-05T04:51:00Z,93,68,30.05,5,0
2016-08-07T09:51:00Z,40,85,29.86,5,0
2016-08-08T02:51:00Z,50,77,29.959999999999997,7,0
2016-08-13T05:51:00Z,82,81,29.9,10,0
2016-08-13T19:51:00Z,77,85,29.87,14,0
2016-08-14T03:51:00Z,67,82,29.87,6,0
2016-08-14T23:51:00Z,77,83,30.02,11,0
2016-08-16T14:51:00Z,80,85,30.07,24,0
2016-08-16T21:51:00Z,85,82,30,16,0
2016-08-17T12:51:00Z,46,84,30,20,0
2016-08-17T15:51:00Z,43,87,29.97,11,0
2016-08-18T07:51:00Z,79,77,30,3,0
2016-08-19T02:51:00Z,88,76,29.9,6,0
2016-08-19T22:51:00Z,87,78,29.919999999999998,0,0
2016-08-20T17:51:00Z,79,74,29.89,14,0
2016-08-22T17:51:00Z,37,76,30.06,22,0
2016-08-22T19:51:00Z,40,72,30.130000000000003,18,0
2016-08-24T05:51:00Z,84,68,30.259999999999998,5,0
2016-08-25T07:51:00Z,76,74,30.12,8,0
2016-08-26T06:51:00Z,85,76,29.99,8,0
2016-08-27T23:51:00Z,71,75,30.22,0,0
2016-08-29T01:51:00Z,88,74,30.14,10,0
2016-08-29T02:51:00Z,88,74,30.12,8,0
2016-08-29T10:51:00Z,51,87,30.08,6,0
2016-08-29T20:51:00Z,51,80,30.110000000000003,9,0
2016-08-30T01:51:00Z,64,73,30.12,9,0
2016-08-30T08:51:00Z,58,78,30.16,7,0
2016-08-31T18:51:00Z,88,79,29.87,16,0
2016-09-02T00:51:00Z,73,70,29.939999999999998,11,0
2016-09-02T07:51:00Z,68,69,30.04,13,0
2016-09-02T08:51:00Z,63,71,30.05,17,0
2016-09-02T17:51:00Z,43,78,30.07,10,0
2016-09-03T09:51:00Z,74,74,30.17,13,0
2016-09-05T00:51:00Z,57,67,30.2,9,0
2016-09-06T06:51:00Z,66,73,29.939999999999998,28,0
2016-09-08T03:51:00Z,87,72,29.91,0,0
2016-09-09T13:51:00Z,55,88,29.88,11,0
2016-09-11T05:51:00Z,88,76,29.86,10,0
2016-09-12T03:51:00Z,60,62,30.19,9,0
2016-09-13T05:51:00Z,81,64,30.23,3,0
2016-09-13T10:51:00Z,58,76,30.21,10,0
2016-09-15T19:51:00Z,63,66,30.259999999999998,5,0
2016-09-16T16:51:00Z,59,68,30.259999999999998,14,0
2016-09-16T23:51:00Z,75,61,30.27,3,0
2016-09-18T19:51:00Z,88,75,30.02,17,0
2016-09-20T06:51:00Z,93,70,30.08,7,0
2016-09-20T14:51:00Z,79,76,30.08,9,0
2016-09-21T15:51:00Z,47,78,30.12,8,0
2016-09-21T16:51:00Z,50,77,30.130000000000003,5,0
2016-09-22T07:51:00Z,59,72,30.150000000000002,6,0
2016-09-24T06:51:00Z,93,58,30.09,13,0
2016-09-24T14:51:00Z,35,71,30.06,7,0
2016-09-26T03:51:00Z,72,52,30.16,7,0
2016-09-27T04:51:00Z,87,68,29.89,15,0
2016-09-27T06:51:00Z,87,66,29.9,9,0.01
2016-09-27T07:51:00Z,84,67,29.919999999999998,8,0
2016-09-27T12:51:00Z,59,73,29.89,8,0
2016-09-28T18:33:00Z,87,61,30.18,15,0
2016-09-28T18:51:00Z,84,61,30.18,14,0
2016-09-29T04:51:00Z,75,62,30.279999999999998,14,0
2016-10-02T06:51:00Z,90,58,30.110000000000003,9,0
2016-10-02T16:51:00Z,81,64,30.03,0,0
2016-10-02T21:51:00Z,87,63,30.02,5,0
2016-10-03T00:51:00Z,90,62,30,3,0
2016-10-05T12:51:00Z,53,67,30.29,7,0
2016-10-10T23:51:00Z,58,48,30.39,6,0
2016-10-11T01:51:00Z,61,47,30.4,8,0
2016-10-11T13:51:00Z,58,61,30.419999999999998,10,0
2016-10-11T16:51:00Z,60,59,30.41,5,0
2016-10-11T23:51:00Z,86,51,30.38,6,0
2016-10-12T08:51:00Z,72,60,30.37,6,0
2016-10-14T02:51:00Z,63,50,30.22,11,0
2016-10-14T18:51:00Z,47,55,30.32,3,0
2016-10-15T06:51:00Z,80,49,30.419999999999998,8,0
2016-10-15T07:51:00Z,74,53,30.439999999999998,8,0
2016-10-15T23:51:00Z,78,57,30.3,10,0
2016-10-16T17:51:00Z,78,65,30.02,10,0
2016-10-17T21:51:00Z,81,66,29.9,7,0
2016-10-18T11:51:00Z,69,74,29.89,10,0
2016-10-19T16:51:00Z,71,73,29.99,7,0
2016-10-20T22:51:00Z,93,67,29.959999999999997,6,0
2016-10-21T21:51:00Z,97,65,29.419999999999998,6,0
2016-10-22T05:51:00Z,86,51,29.37,20,0.03
2016-10-22T08:51:00Z,83,50,29.4,20,0
2016-10-23T21:51:00Z,62,57,29.87,11,0
2016-10-24T02:51:00Z,64,59,29.79,10,0
2016-10-25T22:51:00Z,39,45,30.34,13,0
2016-10-27T18:51:00Z,84,58,30.09,20,0.07
2016-10-30T07:51:00Z,63,67,29.9,7,0
2016-10-30T20:51:00Z,81,59,29.9,14,0
2016-10-31T02:51:00Z,61,50,30.01,20,0
2016-10-31T20:51:00Z,61,46,30.25,6,0
2016-11-01T06:51:00Z,79,42,30.35,7,0
2016-11-01T11:51:00Z,51,58,30.36,7,0
2016-11-02T02:51:00Z,77,56,30.279999999999998,9,0
2016-11-02T12:51:00Z,59,67,30.17,13,0
2016-11-02T17:51:00Z,86,60,30.130000000000003,6,0
2016-11-03T00:51:00Z,90,58,30.07,6,0
2016-11-04T17:51:00Z,25,57,30.17,14,0
2016-11-05T14:51:00Z,40,64,30.130000000000003,13,0
2016-11-05T18:51:00Z,49,59,30.14,9,0
2016-11-05T22:51:00Z,74,55,30.12,10,0
2016-11-06T22:51:00Z,46,46,30.38,11,0
2016-11-07T06:51:00Z,62,42,30.45,11,0
2016-11-09T04:51:00Z,72,53,29.830000000000002,0,0
2016-11-09T19:51:00Z,77,54,29.86,15,0
2016-11-10T01:51:00Z,63,48,29.939999999999998,18,0
2016-11-11T05:51:00Z,50,51,29.650000000000002,20,0
2016-11-13T03:51:00Z,55,42,30.14,13,0
2016-11-14T05:51:00Z,55,41,30.02,7,0
2016-11-14T10:51:00Z,32,56,30.05,6,0
2016-11-14T22:51:00Z,64,53,29.99,0,0
2016-11-14T23:51:00Z,67,54,29.97,0,0
2016-11-15T02:51:00Z,86,51,29.939999999999998,7,0.03
2016-11-15T06:36:00Z,80,49,29.89,16,0.16
2016-11-15T21:51:00Z,77,50,29.73,11,0
2016-11-15T23:51:00Z,80,48,29.73,10,0
2016-11-16T18:51:00Z,51,56,29.8,11,0
2016-11-16T19:51:00Z,49,56,29.82,10,0
2016-11-17T09:51:00Z,53,58,30,10,0
2016-11-18T13:51:00Z,34,65,30.03,8,0
2016-11-18T23:51:00Z,48,53,30.03,6,0
2016-11-19T17:51:00Z,83,55,29.69,8,0
2016-11-19T19:51:00Z,83,55,29.630000000000003,8,0
2016-11-20T21:51:00Z,47,40,29.56,25,0
2016-11-22T06:51:00Z,52,38,29.959999999999997,21,0
2016-11-22T23:51:00Z,53,39,30.19,14,0
2016-11-24T01:51:00Z,55,41,30.310000000000002,3,0
2016-11-24T14:51:00Z,71,50,30.17,7,0
2016-11-24T15:51:00Z,71,50,30.17,8,0
2016-11-26T06:51:00Z,86,45,30.08,9,0
2016-11-26T11:51:00Z,59,52,30.06,17,0
2016-11-27T16:51:00Z,41,48,30.08,14,0
2016-11-27T19:51:00Z,44,47,30.110000000000003,11,0
2016-11-28T06:51:00Z,67,39,30.19,5,0
2016-11-29T06:51:00Z,81,56,30.05,15,0
2016-11-29T11:51:00Z,90,57,29.97,18,0.22
2016-11-30T04:51:00Z,93,52,29.919999999999998,0,0
2016-11-30T06:51:00Z,89,53,29.939999999999998,3,0
2016-11-30T20:51:00Z,93,55,29.68,15,0
2016-12-01T20:51:00Z,44,47,29.8,17,0
2016-12-01T21:51:00Z,47,46,29.810000000000002,17,0
2016-12-03T00:51:00Z,56,45,29.9,17,0
2016-12-03T09:51:00Z,42,46,30.02,23,0
2016-12-05T08:51:00Z,89,43,30,11,0.02
2016-12-05T22:51:00Z,58,43,30.08,7,0
2016-12-06T19:51:00Z,79,42,29.919999999999998,13,0.11
2016-12-07T09:51:00Z,85,44,29.99,7,0
2016-12-08T02:51:00Z,77,40,29.99,6,0
2016-12-08T09:51:00Z,62,42,29.959999999999997,6,0
2016-12-09T06:51:00Z,52,33,30.07,21,0
2016-12-09T12:51:00Z,33,42,30.08,24,0
2016-12-10T12:51:00Z,43,38,30.330000000000002,16,0
2016-12-10T19:51:00Z,46,35,30.43,10,0
2016-12-11T13:51:00Z,40,36,30.439999999999998,6,0
2016-12-11T18:51:00Z,82,31,30.41,3,0.01
2016-12-12T02:35:00Z,85,44,30.07,8,0.06
2016-12-12T12:51:00Z,79,46,29.82,10,0
2016-12-13T02:51:00Z,49,40,30.07,14,0
2016-12-13T19:51:00Z,58,43,30.03,7,0
2016-12-13T23:51:00Z,62,42,30.02,8,0
2016-12-14T22:51:00Z,35,35,29.9,11,0
2016-12-15T06:51:00Z,31,29,29.82,20,0
2016-12-15T07:51:00Z,32,27,29.85,26,0
2016-12-16T09:51:00Z,45,21,30.45,13,0
2016-12-16T16:51:00Z,40,26,30.43,13,0
2016-12-17T09:51:00Z,85,33,30,9,0.16
2016-12-17T10:18:00Z,85,33,29.99,8,0.06
2016-12-18T06:51:00Z,89,50,29.73,21,0
2016-12-18T15:51:00Z,63,47,30.03,21,0
2016-12-19T20:51:00Z,37,27,30.68,13,0
2016-12-19T21:51:00Z,39,27,30.67,10,0
2016-12-19T23:51:00Z,40,26,30.66,9,0
2016-12-20T05:51:00Z,60,22,30.610000000000003,8,0
2016-12-20T07:51:00Z,53,23,30.59,7,0
2016-12-20T23:51:00Z,50,34,30.16,16,0
2016-12-22T13:51:00Z,34,48,29.89,10,0
2016-12-25T02:51:00Z,68,40,30.310000000000002,9,0
2016-12-26T05:51:00Z,48,34,30.72,9,0
2016-12-26T15:51:00Z,77,47,30.459999999999997,10,0
2016-12-26T18:51:00Z,86,49,30.35,13,0
2016-12-27T17:51:00Z,33,58,29.82,13,0
2016-12-29T00:51:00Z,67,31,30.09,3,0
2016-12-30T03:51:00Z,59,37,29.55,14,0
2017-01-01T03:51:00Z,58,42,29.93,10,0
2017-01-01T21:51:00Z,43,39,30.43,3,0
2017-01-03T10:51:00Z,86,45,29.93,17,0.02
2017-01-06T15:51:00Z,34,34,30.07,7,0
2017-01-07T09:32:00Z,65,23,30.279999999999998,15,0.01
2017-01-08T00:51:00Z,53,23,30.150000000000002,17,0
2017-01-08T01:51:00Z,52,21,30.18,20,0
2017-01-08T16:51:00Z,33,24,30.36,22,0
2017-01-09T00:51:00Z,41,18,30.6,16,0
2017-01-09T04:51:00Z,45,16,30.68,11,0
2017-01-10T02:51:00Z,57,24,30.630000000000003,9,0
2017-01-11T05:51:00Z,77,46,30.21,15,0
2017-01-11T12:51:00Z,66,48,30.310000000000002,8,0
2017-01-13T12:51:00Z,32,50,30.41,23,0
2017-01-14T22:00:00Z,85,32,30.35,6,0
2017-01-15T21:51:00Z,52,34,30.4,5,0
2017-01-16T03:51:00Z,69,28,30.439999999999998,3,0
2017-01-16T16:51:00Z,62,38,30.35,9,0
2017-01-17T21:39:00Z,89,42,30,8,0.05
2017-01-17T22:40:00Z,89,42,29.97,11,0.01
2017-01-17T22:51:00Z,85,42,29.959999999999997,10,0.01
2017-01-18T01:51:00Z,89,41,29.89,8,0.01
2017-01-18T07:18:00Z,85,42,29.89,10,0
2017-01-18T07:51:00Z,85,42,29.89,13,0
2017-01-18T14:51:00Z,79,42,29.939999999999998,14,0
2017-01-19T20:51:00Z,56,45,30.02,9,0
2017-01-20T10:51:00Z,53,44,30.03,3,0
2017-01-20T22:51:00Z,100,43,29.91,5,0.01
2017-01-21T00:51:00Z,100,43,29.919999999999998,6,0
2017-01-21T22:51:00Z,100,45,29.8,8,0
2017-01-23T05:51:00Z,76,44,29.8,21,0
2017-01-26T07:51:00Z,80,45,29.43,8,0
2017-01-26T11:51:00Z,93,45,29.38,7,0
2017-01-26T16:51:00Z,41,47,29.419999999999998,29,0
2017-01-27T07:51:00Z,51,42,29.650000000000002,22,0
2017-01-27T09:51:00Z,49,42,29.66,24,0
2017-01-28T15:51:00Z,52,38,29.68,16,0
2017-01-29T12:51:00Z,28,43,29.68,15,0
2017-01-30T02:51:00Z,54,34,29.72,6,0
2017-01-30T10:51:00Z,31,36,29.79,7,0
2017-02-01T06:51:00Z,65,41,29.91,11,0
2017-02-01T08:51:00Z,62,42,29.939999999999998,16,0
2017-02-02T20:51:00Z,48,37,30.16,13,0
2017-02-04T11:51:00Z,36,31,30.37,16,0
2017-02-05T16:51:00Z,60,40,29.85,8,0
2017-02-06T01:51:00Z,55,41,29.939999999999998,13,0
2017-02-06T10:51:00Z,42,43,30.14,13,0
2017-02-08T04:51:00Z,100,40,29.52,3,0
2017-02-08T07:51:00Z,97,43,29.57,0,0
2017-02-09T02:51:00Z,62,41,29.59,16,0
2017-02-09T06:14:00Z,100,31,29.55,26,0.04
2017-02-10T14:51:00Z,47,31,30.21,17,0
2017-02-10T15:51:00Z,54,30,30.21,21,0
2017-02-12T01:51:00Z,82,36,30.1,7,0
2017-02-12T08:46:00Z,87,32,30.04,13,0
2017-02-12T10:26:00Z,96,32,30.01,11,0.03
2017-02-13T13:51:00Z,57,38,29.8,26,0
2017-02-13T15:51:00Z,55,38,29.830000000000002,32,0
2017-02-17T13:51:00Z,35,42,29.8,16,0
2017-02-18T23:51:00Z,52,53,29.66,13,0
2017-02-19T12:51:00Z,41,63,29.79,8,0
2017-02-19T17:51:00Z,31,61,29.85,9,0
2017-02-19T18:51:00Z,31,61,29.87,10,0
2017-02-19T21:51:00Z,40,56,29.95,14,0
2017-02-20T12:51:00Z,33,55,30.16,10,0
2017-02-21T09:51:00Z,53,41,30.37,6,0
2017-02-21T12:51:00Z,56,45,30.310000000000002,11,0
2017-02-22T18:51:00Z,93,47,29.91,5,0
2017-02-23T00:51:00Z,96,42,29.88,3,0
2017-02-23T11:51:00Z,93,49,29.88,7,0
2017-02-23T14:51:00Z,93,52,29.82,11,0
2017-02-25T19:51:00Z,100,55,29.54,21,0.16
2017-02-26T05:51:00Z,48,38,29.84,18,0
2017-02-27T04:51:00Z,70,34,30.35,11,0
2017-02-27T15:51:00Z,73,46,30.36,20,0
2017-02-27T18:51:00Z,66,47,30.39,13,0
2017-03-01T04:51:00Z,100,49,29.85,0,0
2017-03-05T12:51:00Z,13,33,30.57,21,0
2017-03-06T00:51:00Z,29,27,30.52,7,0
2017-03-08T06:43:00Z,80,49,29.97,21,0.02
2017-03-10T13:05:00Z,89,33,29.79,14,0.01
2017-03-10T14:40:00Z,70,35,29.77,14,0
2017-03-11T21:51:00Z,44,24,30.24,18,0
2017-03-12T03:51:00Z,45,21,30.279999999999998,16,0
2017-03-12T05:51:00Z,45,20,30.279999999999998,20,0
2017-03-12T07:51:00Z,44,22,30.310000000000002,20,0
2017-03-13T02:51:00Z,44,22,30.43,15,0
2017-03-13T23:51:00Z,64,34,30.21,13,0
2017-03-14T00:25:00Z,85,31,30.2,14,0
2017-03-14T16:51:00Z,89,31,,25,0.01
2017-03-14T19:51:00Z,64,31,29.39,21,0
2017-03-14T22:51:00Z,57,23,29.51,25,0
2017-03-17T11:51:00Z,40,40,30.24,13,0
2017-03-17T17:51:00Z,47,41,30.18,15,0
2017-03-17T23:51:00Z,54,35,30.23,3,0
2017-03-19T08:51:00Z,60,39,30.17,21,0
2017-03-20T18:51:00Z,39,48,29.97,9,0
2017-03-21T13:51:00Z,38,55,29.86,13,0
2017-03-23T04:51:00Z,42,24,30.52,8,0
2017-03-23T12:51:00Z,18,41,30.55,17,0
2017-03-24T14:51:00Z,68,48,30.18,18,0
2017-03-24T15:51:00Z,66,49,30.150000000000002,18,0
2017-03-25T02:51:00Z,86,43,30.07,5,0
2017-03-25T04:51:00Z,66,51,30.08,15,0
2017-03-25T19:51:00Z,79,46,30.36,9,0
2017-03-26T20:51:00Z,97,40,30.330000000000002,11,0.01
2017-03-27T04:29:00Z,100,41,30.150000000000002,7,0
2017-03-28T23:51:00Z,96,44,29.919999999999998,7,0
2017-03-30T22:51:00Z,71,43,30.150000000000002,0,0
2017-04-01T00:51:00Z,93,40,29.630000000000003,22,0
2017-04-01T04:51:00Z,97,38,29.650000000000002,17,0.01
2017-04-02T03:51:00Z,68,42,30.05,18,0
2017-04-02T11:51:00Z,31,58,30.09,13,0
2017-04-03T00:51:00Z,45,52,30.07,6,0
2017-04-03T07:51:00Z,51,54,30.12,0,0
2017-04-04T09:21:00Z,100,50,29.58,0,0
2017-04-04T11:51:00Z,100,53,29.54,9,0
2017-04-05T05:51:00Z,100,45,29.85,0,0
2017-04-05T07:51:00Z,100,46,29.91,8,0
2017-04-05T12:51:00Z,80,54,29.939999999999998,6,0
2017-04-06T16:15:00Z,96,53,29.24,14,0.25
2017-04-06T20:51:00Z,80,51,29.279999999999998,16,0
2017-04-06T21:51:00Z,83,50,29.279999999999998,15,0
2017-04-08T05:51:00Z,45,41,29.75,14,0
2017-04-08T21:51:00Z,32,50,29.979999999999997,11,0
2017-04-09T15:51:00Z,44,55,30.12,20,0
2017-04-10T14:51:00Z,63,61,30.110000000000003,20,0
2017-04-11T01:51:00Z,89,50,30.110000000000003,7,0
2017-04-12T01:51:00Z,89,53,30.08,5,0
2017-04-12T11:51:00Z,81,65,30.17,9,0.05
2017-04-14T12:51:00Z,38,60,30.38,10,0
2017-04-17T02:51:00Z,79,67,29.84,13,0
2017-04-18T06:51:00Z,52,53,30.310000000000002,11,0
2017-04-19T19:51:00Z,86,49,30.29,9,0
2017-04-20T06:35:00Z,92,51,30.130000000000003,0,0.01
2017-04-20T10:51:00Z,81,58,30.1,7,0
2017-04-20T16:51:00Z,81,59,30.02,10,0
2017-04-21T11:51:00Z,90,54,29.919999999999998,9,0
2017-04-21T22:51:00Z,92,51,29.919999999999998,10,0
2017-04-22T09:51:00Z,80,55,29.93,7,0
2017-04-23T00:51:00Z,66,50,30.01,15,0
2017-04-24T13:51:00Z,64,55,30.150000000000002,11,0
2017-04-25T15:51:00Z,96,55,29.919999999999998,21,0.07
2017-04-25T16:51:00Z,96,55,29.9,21,0.08
2017-04-26T14:51:00Z,90,60,29.75,9,0
2017-04-26T18:51:00Z,87,61,29.79,7,0
2017-04-27T04:21:00Z,100,58,29.85,3,0
2017-04-27T13:51:00Z,87,63,29.9,14,0
2017-04-27T15:51:00Z,90,61,29.88,14,0
2017-04-27T21:51:00Z,100,56,29.89,7,0
2017-04-28T10:51:00Z,76,70,29.99,8,0
2017-04-29T02:51:00Z,81,63,30.01,0,0
2017-04-29T08:51:00Z,84,68,30.03,11,0
2017-04-30T21:51:00Z,80,51,30.150000000000002,11,0
2017-04-30T23:51:00Z,96,51,30.130000000000003,9,0
2017-05-01T03:44:00Z,100,50,30.03,8,0
2017-05-01T16:51:00Z,81,64,29.759999999999998,21,0
2017-05-02T06:51:00Z,96,60,29.58,20,0
2017-05-02T11:51:00Z,45,76,29.56,20,0
2017-05-03T01:51:00Z,43,61,29.77,8,0
2017-05-03T09:51:00Z,35,64,29.87,20,0
2017-05-03T18:51:00Z,32,60,30,17,0
2017-05-04T18:51:00Z,66,53,30.17,11,0
2017-05-05T04:51:00Z,83,53,29.939999999999998,16,0
2017-05-08T08:51:00Z,40,54,29.86,21,0
2017-05-08T19:51:00Z,37,56,29.89,5,0
2017-05-09T04:51:00Z,77,47,29.919999999999998,10,0
2017-05-09T05:51:00Z,74,48,29.93,11,0
2017-05-09T12:51:00Z,38,58,29.95,7,0
2017-05-09T20:51:00Z,80,52,29.99,6,0
2017-05-10T01:51:00Z,83,51,29.979999999999997,3,0
2017-05-11T18:51:00Z,72,53,29.99,8,0
2017-05-11T23:51:00Z,90,49,30.03,0,0
2017-05-12T01:51:00Z,90,49,30.04,3,0
2017-05-14T16:21:00Z,75,59,29.58,26,0
2017-05-17T11:51:00Z,62,76,29.97,9,0
2017-05-18T02:51:00Z,84,69,29.91,3,0
2017-05-19T01:51:00Z,87,69,29.85,5,0
2017-05-19T10:51:00Z,53,86,29.87,16,0
2017-05-19T13:51:00Z,45,89,29.830000000000002,14,0
2017-05-19T15:51:00Z,53,85,29.82,9,0
2017-05-19T19:51:00Z,51,82,29.91,17,0
2017-05-21T06:51:00Z,51,59,30.35,6,0
2017-05-22T04:51:00Z,84,56,30.16,10,0.01
2017-05-23T09:51:00Z,56,65,29.939999999999998,11,0
2017-05-24T15:51:00Z,73,66,29.779999999999998,13,0
2017-05-25T17:51:00Z,100,60,29.52,8,0
2017-05-25T23:45:00Z,100,59,29.459999999999997,11,0.14
2017-05-27T14:51:00Z,71,67,29.86,13,0
2017-05-28T05:51:00Z,100,59,29.919999999999998,5,0
2017-05-29T01:51:00Z,87,59,29.87,9,0
2017-05-29T14:51:00Z,80,60,30,9,0
2017-05-29T15:51:00Z,87,59,30.02,7,0
2017-05-31T00:51:00Z,100,59,30.05,5,0
2017-06-01T23:51:00Z,47,70,29.93,15,0
2017-06-02T05:51:00Z,65,61,29.97,5,0
2017-06-02T19:51:00Z,34,70,29.919999999999998,14,0
2017-06-03T18:51:00Z,29,73,29.939999999999998,14,0
2017-06-04T22:51:00Z,90,63,29.8,7,0
2017-06-05T02:51:00Z,100,61,29.75,5,0.09
2017-06-05T11:51:00Z,87,70,29.74,7,0
2017-06-05T13:51:00Z,93,68,29.74,8,0
2017-06-05T22:51:00Z,100,62,29.71,11,0
2017-06-06T02:51:00Z,93,57,29.68,13,0
2017-06-06T12:23:00Z,93,55,29.779999999999998,8,0
2017-06-07T18:51:00Z,70,62,30,6,0
2017-06-08T23:51:00Z,70,56,29.779999999999998,6,0
2017-06-09T23:51:00Z,71,67,29.88,7,0
2017-06-10T20:51:00Z,84,69,30.01,10,0
2017-06-11T02:51:00Z,84,69,30.02,8,0
2017-06-11T06:51:00Z,79,73,30.06,10,0
2017-06-11T08:51:00Z,67,78,30.06,10,0
2017-06-11T12:51:00Z,57,83,30.02,16,0
2017-06-11T14:51:00Z,60,82,30,16,0
2017-06-12T01:51:00Z,79,75,29.99,9,0
2017-06-12T16:51:00Z,57,83,29.9,14,0
2017-06-12T20:51:00Z,53,84,29.93,11,0
2017-06-12T21:51:00Z,62,80,29.93,9,0
2017-06-13T11:51:00Z,47,92,29.88,15,0
2017-06-14T03:51:00Z,87,73,29.89,15,0
2017-06-14T15:51:00Z,60,75,29.979999999999997,9,0
2017-06-16T00:51:00Z,90,64,30.01,8,0
2017-06-16T09:13:00Z,100,64,29.97,9,0.01
2017-06-16T14:51:00Z,96,68,29.919999999999998,6,0
2017-06-16T21:51:00Z,100,67,29.91,6,0
2017-06-17T05:51:00Z,96,68,29.91,5,0
2017-06-17T13:38:00Z,100,68,29.939999999999998,8,0.04
2017-06-18T23:51:00Z,100,71,29.830000000000002,15,0
2017-06-19T02:51:00Z,100,71,29.810000000000002,14,0
2017-06-19T11:51:00Z,85,77,29.830000000000002,25,0
2017-06-20T05:51:00Z,94,71,29.85,8,0
2017-06-23T01:51:00Z,94,73,29.84,6,0
2017-06-24T02:51:00Z,97,74,29.59,6,0
2017-06-25T21:51:00Z,90,71,29.939999999999998,7,0
2017-06-26T11:51:00Z,43,78,30.01,16,0
2017-06-26T16:51:00Z,48,74,29.979999999999997,20,0
2017-06-27T07:51:00Z,78,69,29.99,3,0
2017-06-27T20:51:00Z,41,73,29.959999999999997,8,0
2017-06-28T20:51:00Z,78,69,30.1,10,0
2017-06-28T22:51:00Z,66,70,30.12,13,0
2017-06-29T17:51:00Z,84,71,30.02,28,0
2017-06-30T03:51:00Z,87,68,29.99,8,0
2017-06-30T12:51:00Z,74,78,29.97,17,0
2017-07-01T05:51:00Z,96,69,29.959999999999997,5,0
2017-07-02T09:51:00Z,48,86,29.97,8,0
2017-07-03T12:51:00Z,42,88,29.939999999999998,15,0
2017-07-03T23:51:00Z,81,73,29.99,3,0
2017-07-04T23:51:00Z,57,73,30.1,3,0
2017-07-06T17:51:00Z,76,73,30.02,13,0
2017-07-07T04:51:00Z,100,72,29.82,7,0
2017-07-07T10:27:00Z,100,70,29.759999999999998,17,1.07
2017-07-07T11:51:00Z,96,71,29.74,15,0.11
2017-07-07T17:51:00Z,79,77,29.72,8,0
2017-07-08T02:51:00Z,100,70,29.73,7,0
2017-07-08T14:51:00Z,55,86,29.72,16,0
2017-07-08T20:51:00Z,50,79,29.82,9,0
2017-07-09T13:51:00Z,42,81,30,15,0
2017-07-09T14:51:00Z,54,79,30.01,17,0
2017-07-10T19:51:00Z,90,75,29.959999999999997,20,0
2017-07-11T06:51:00Z,85,78,29.93,8,0
2017-07-11T11:51:00Z,59,86,29.919999999999998,14,0
2017-07-12T07:51:00Z,82,79,29.979999999999997,13,0
2017-07-12T08:51:00Z,67,84,29.979999999999997,16,0
2017-07-13T09:51:00Z,62,90,29.959999999999997,13,0
2017-07-14T18:51:00Z,100,70,29.99,11,0
2017-07-15T05:51:00Z,100,69,29.93,0,0
2017-07-15T13:51:00Z,82,78,29.89,9,0
2017-07-15T14:51:00Z,82,78,29.88,10,0
2017-07-16T08:51:00Z,56,80,29.95,0,0
2017-07-17T01:51:00Z,84,73,29.99,7,0
2017-07-17T04:51:00Z,94,71,30.01,6,0
2017-07-18T03:51:00Z,96,73,30.06,5,0
2017-07-20T16:51:00Z,77,85,29.85,13,0
2017-07-21T14:51:00Z,46,92,29.85,18,0
2017-07-22T16:51:00Z,59,83,29.77,9,0
2017-07-23T15:51:00Z,79,77,29.82,13,0
2017-07-24T10:03:00Z,100,67,29.75,22,0.01
2017-07-24T12:51:00Z,90,65,29.810000000000002,21,0
2017-07-24T17:51:00Z,76,69,29.86,11,0
2017-07-26T01:51:00Z,81,66,30.21,6,0
2017-07-26T09:51:00Z,59,73,30.23,9,0
2017-07-26T13:51:00Z,58,75,30.19,10,0
2017-07-27T12:51:00Z,77,77,29.95,9,0
2017-07-29T06:51:00Z,66,69,29.759999999999998,21,0
2017-07-29T12:51:00Z,54,75,29.779999999999998,23,0
2017-07-30T20:51:00Z,78,69,30.04,7,0
2017-07-31T12:51:00Z,48,84,30.03,11,0
2017-07-31T20:51:00Z,74,75,30.03,10,0
2017-08-01T01:51:00Z,90,71,30,6,0
2017-08-01T08:51:00Z,53,84,30.04,9,0
2017-08-02T02:51:00Z,94,73,30.02,5,0
2017-08-02T17:51:00Z,87,72,30.05,9,0
2017-08-03T16:51:00Z,79,79,30.05,14,0
2017-08-04T12:51:00Z,74,81,30.02,13,0
2017-08-06T04:51:00Z,59,67,30.02,11,0
2017-08-08T13:51:00Z,54,79,29.959999999999997,11,0
2017-08-09T00:51:00Z,66,73,30.09,7,0
2017-08-09T11:51:00Z,51,80,30.18,11,0
2017-08-10T03:51:00Z,93,68,30.21,6,0
2017-08-10T10:51:00Z,61,81,30.22,7,0
2017-08-13T05:51:00Z,94,73,29.87,5,0
2017-08-13T15:51:00Z,42,86,29.93,9,0
2017-08-14T16:51:00Z,77,77,29.95,9,0
2017-08-14T19:51:00Z,90,75,29.95,10,0
2017-08-14T23:51:00Z,94,74,29.939999999999998,7,0
2017-08-16T09:51:00Z,60,82,29.95,9,0
2017-08-17T02:51:00Z,61,72,30.01,9,0
2017-08-17T15:51:00Z,64,77,29.979999999999997,13,0
2017-08-18T01:51:00Z,100,76,29.91,11,0
2017-08-18T09:17:00Z,100,75,29.87,10,0.07
2017-08-19T12:51:00Z,55,86,29.84,13,0
2017-08-20T08:51:00Z,56,78,30.02,14,0
2017-08-22T08:51:00Z,96,77,30,11,0
2017-08-22T10:51:00Z,79,83,29.97,10,0
2017-08-22T16:51:00Z,88,81,29.79,25,0
2017-08-23T02:51:00Z,100,74,29.75,14,0
2017-08-23T10:51:00Z,41,81,29.82,14,0
2017-08-27T02:51:00Z,81,61,30.24,6,0
2017-08-27T05:51:00Z,78,61,30.25,8,0
2017-08-28T19:51:00Z,71,67,30.259999999999998,8,0
2017-08-29T03:51:00Z,81,64,30.2,10,0
2017-08-29T19:51:00Z,100,62,30.03,14,0.04
2017-08-31T15:51:00Z,50,79,29.88,16,0
2017-08-31T21:51:00Z,53,69,29.959999999999997,16,0
2017-09-01T01:51:00Z,62,62,30.01,15,0
2017-09-01T10:51:00Z,35,67,30.110000000000003,13,0
2017-09-02T05:51:00Z,77,55,30.21,7,0
2017-09-02T11:51:00Z,57,67,30.21,11,0
2017-09-02T23:51:00Z,100,59,30.06,11,0.06
2017-09-03T01:51:00Z,100,61,30,14,0.02
2017-09-04T06:51:00Z,73,66,29.97,8,0
2017-09-04T10:51:00Z,55,75,29.97,16,0
2017-09-04T16:51:00Z,69,75,29.87,17,0
2017-09-05T03:51:00Z,87,70,29.810000000000002,8,0
2017-09-05T07:51:00Z,76,74,29.810000000000002,10,0
2017-09-05T12:51:00Z,71,80,29.759999999999998,16,0
2017-09-06T16:51:00Z,84,65,29.88,18,0
2017-09-08T18:51:00Z,45,69,30.12,11,0
2017-09-08T21:51:00Z,58,64,30.16,10,0
2017-09-09T22:51:00Z,67,61,30.279999999999998,11,0
2017-09-10T14:51:00Z,43,74,30.32,10,0
2017-09-11T17:51:00Z,35,73,30.130000000000003,10,0
2017-09-11T21:51:00Z,49,68,30.130000000000003,3,0
2017-09-13T09:51:00Z,48,78,29.91,8,0
2017-09-14T10:51:00Z,79,76,29.89,7,0
2017-09-14T21:51:00Z,82,72,29.919999999999998,9,0
2017-09-15T04:51:00Z,93,67,29.97,6,0
2017-09-19T12:51:00Z,82,72,29.919999999999998,26,0.02
2017-09-20T23:51:00Z,69,75,29.919999999999998,11,0
2017-09-22T01:51:00Z,46,70,29.97,16,0
2017-09-23T14:51:00Z,33,88,29.979999999999997,16,0
2017-09-24T02:51:00Z,81,65,30.03,0,0
2017-09-24T17:51:00Z,66,75,30.01,3,0
2017-09-26T03:51:00Z,96,68,30.01,7,0
2017-09-27T12:51:00Z,67,84,29.830000000000002,8,0
2017-09-29T11:51:00Z,47,66,30.03,9,0
2017-09-30T05:51:00Z,72,58,30.03,11,0
2017-10-02T16:51:00Z,52,66,30.4,7,0
2017-10-02T17:51:00Z,62,62,30.419999999999998,6,0
2017-10-02T19:51:00Z,70,60,30.47,5,0
2017-10-03T11:51:00Z,51,68,30.62,13,0
2017-10-04T03:51:00Z,90,57,30.459999999999997,7,0
2017-10-04T16:51:00Z,78,68,30.22,17,0
2017-10-04T21:51:00Z,81,65,30.2,14,0
2017-10-06T08:51:00Z,74,73,30.1,7,0
2017-10-06T11:51:00Z,52,80,30.06,10,0
2017-10-06T18:51:00Z,93,69,30.06,0,0
2017-10-07T04:51:00Z,100,64,30.09,0,0
2017-10-08T19:51:00Z,97,72,29.97,5,0
2017-10-09T12:51:00Z,100,71,29.87,26,0.23
2017-10-10T03:51:00Z,84,68,29.97,9,0
2017-10-10T09:51:00Z,62,76,30.06,7,0
2017-10-10T20:51:00Z,93,68,30.08,0,0
2017-10-11T03:51:00Z,87,64,30.08,5,0
2017-10-11T07:51:00Z,81,66,30.12,6,0
2017-10-11T14:51:00Z,66,72,30.07,14,0
2017-10-12T02:51:00Z,86,60,30.2,15,0
2017-10-15T10:51:00Z,100,67,30.01,11,0
2017-10-16T08:51:00Z,58,57,29.97,13,0
2017-10-17T21:51:00Z,59,55,30.29,16,0
2017-10-18T09:51:00Z,45,63,30.310000000000002,5,0
2017-10-19T04:51:00Z,87,54,30.25,8,0
2017-10-19T08:51:00Z,70,62,30.25,13,0
2017-10-21T07:51:00Z,50,62,30.32,3,0
2017-10-22T13:51:00Z,51,71,30.37,9,0
2017-10-23T17:51:00Z,91,67,30.1,16,0
2017-10-25T04:51:00Z,100,62,29.71,7,0
2017-10-25T06:51:00Z,90,58,29.72,6,0
2017-10-25T08:51:00Z,78,61,29.72,7,0
2017-10-25T14:51:00Z,56,64,29.66,6,0
2017-10-25T15:51:00Z,63,63,29.67,3,0
2017-10-25T17:51:00Z,70,61,29.69,7,0
2017-10-27T16:51:00Z,60,58,30.07,11,0
2017-10-27T19:51:00Z,72,57,30.08,10,0
2017-10-28T21:51:00Z,93,64,29.91,10,0
2017-10-30T05:51:00Z,96,50,29.16,28,0.01
2017-10-30T23:51:00Z,64,51,29.88,20,0
2017-10-31T05:51:00Z,74,49,29.97,11,0
2017-11-01T04:51:00Z,77,40,30.29,0,0
2017-11-03T21:51:00Z,62,55,30.17,18,0
2017-11-04T11:51:00Z,49,55,30.310000000000002,3,0
2017-11-04T12:51:00Z,49,55,30.3,3,0
2017-11-04T13:51:00Z,49,56,30.29,8,0
2017-11-04T23:51:00Z,77,53,30.32,8,0
2017-11-05T11:51:00Z,97,58,30.2,6,0
2017-11-06T18:51:00Z,75,59,29.979999999999997,17,0
2017-11-07T19:51:00Z,96,42,30.150000000000002,14,0.08
2017-11-07T21:51:00Z,92,42,30.14,16,0.07
2017-11-08T14:51:00Z,68,48,30.22,8,0
2017-11-09T00:51:00Z,89,41,30.23,7,0
2017-11-10T17:51:00Z,34,30,30.4,18,0
2017-11-10T22:51:00Z,44,26,30.5,18,0
2017-11-11T05:51:00Z,62,24,30.52,13,0
2017-11-12T11:51:00Z,42,43,30.45,3,0
2017-11-12T18:51:00Z,70,40,30.4,6,0
2017-11-13T00:51:00Z,79,40,30.37,5,0
2017-11-13T14:51:00Z,74,47,30.259999999999998,15,0
2017-11-14T19:51:00Z,76,43,30.29,10,0
2017-11-15T07:51:00Z,83,38,30.3,8,0
2017-11-17T00:51:00Z,68,44,29.91,18,0
2017-11-17T12:51:00Z,39,47,30.04,24,0
2017-11-19T22:51:00Z,65,42,29.779999999999998,20,0
2017-11-20T02:51:00Z,62,39,29.87,16,0
2017-11-21T05:51:00Z,73,41,30.130000000000003,16,0
2017-11-21T18:51:00Z,69,52,30.05,17,0
2017-11-22T16:51:00Z,56,45,29.95,25,0
2017-11-24T07:51:00Z,65,37,30.05,8,0
2017-11-24T10:51:00Z,49,44,30.04,6,0
2017-11-25T00:51:00Z,79,41,29.919999999999998,9,0
2017-11-26T05:51:00Z,58,46,29.85,14,0
2017-11-26T15:51:00Z,44,45,29.939999999999998,16,0
2017-11-27T11:51:00Z,43,49,30.03,15,0
2017-11-27T18:51:00Z,44,45,30.18,11,0
2017-11-28T17:51:00Z,83,52,30.3,15,0
2017-11-29T10:51:00Z,49,57,30.07,16,0
2017-11-30T12:51:00Z,61,48,30.21,3,0
2017-12-01T05:51:00Z,79,46,30.07,14,0
2017-12-02T04:51:00Z,76,37,30.29,5,0
2017-12-02T08:51:00Z,71,42,30.310000000000002,5,0
2017-12-02T18:51:00Z,74,43,30.24,6,0
2017-12-04T15:51:00Z,74,48,30.419999999999998,8,0
2017-12-06T11:51:00Z,40,42,29.979999999999997,16,0
2017-12-06T17:51:00Z,41,42,29.99,15,0
2017-12-07T14:51:00Z,35,44,29.959999999999997,21,0
2017-12-08T08:51:00Z,46,36,30.09,11,0
2017-12-08T14:51:00Z,48,37,30.02,8,0
2017-12-10T00:51:00Z,88,32,29.72,10,0
2017-12-10T23:51:00Z,67,36,30.02,17,0
2017-12-11T08:51:00Z,85,34,30.03,14,0
2017-12-11T17:51:00Z,59,37,30.01,9,0
2017-12-12T04:51:00Z,71,46,29.759999999999998,20,0
2017-12-12T23:51:00Z,45,31,29.45,24,0
2017-12-13T08:51:00Z,48,22,29.55,26,0
2017-12-13T18:51:00Z,43,29,29.67,22,0
2017-12-14T06:19:00Z,88,26,29.55,6,0
2017-12-14T10:51:00Z,78,28,29.71,10,0
2017-12-14T13:51:00Z,54,31,29.79,16,0
2017-12-15T19:48:00Z,86,27,29.91,6,0
2017-12-16T05:51:00Z,71,26,30,14,0
2017-12-20T03:51:00Z,59,49,29.759999999999998,13,0
2017-12-20T07:51:00Z,43,43,29.88,18,0
2017-12-22T03:51:00Z,54,34,30.29,7,0
2017-12-23T00:51:00Z,97,40,30.1,11,0
2017-12-23T06:51:00Z,100,39,30.03,7,0.01
2017-12-23T07:51:00Z,100,40,30,9,0.03
2017-12-23T09:51:00Z,96,44,29.939999999999998,3,0.1
2017-12-26T04:51:00Z,34,26,30.29,23,0
2017-12-26T06:51:00Z,37,25,30.36,21,0
2017-12-26T23:51:00Z,40,24,30.45,11,0
2017-12-27T02:51:00Z,46,22,30.47,13,0
2017-12-27T20:51:00Z,39,19,30.49,20,0
2017-12-28T12:51:00Z,32,18,30.479999999999997,20,0
2017-12-28T17:51:00Z,35,17,30.49,23,0
2017-12-28T20:51:00Z,42,13,30.459999999999997,20,0
2017-12-30T00:51:00Z,47,19,30.24,7,0
2017-12-31T11:51:00Z,47,16,30.23,22,0
2018-01-01T03:51:00Z,57,8,30.32,13,0
2018-01-01T11:51:00Z,44,15,30.35,21,0
2018-01-02T14:51:00Z,42,26,30.330000000000002,14,0
2018-01-03T20:51:00Z,57,26,30.12,6,0
2018-01-04T04:51:00Z,88,25,29.630000000000003,23,0
2018-01-04T20:51:00Z,66,22,29.459999999999997,25,0
2018-01-05T17:51:00Z,40,15,29.919999999999998,17,0
2018-01-06T13:51:00Z,38,13,30.21,20,0
2018-01-08T20:51:00Z,75,30,30.06,13,0
2018-01-09T09:51:00Z,65,38,30.150000000000002,15,0
2018-01-09T22:51:00Z,61,33,30.37,6,0
2018-01-11T03:51:00Z,97,38,30.36,0,0
2018-01-12T06:51:00Z,100,50,30,16,0.01
2018-01-14T04:51:00Z,56,16,30.47,16,0
2018-01-14T15:51:00Z,30,23,30.6,16,0
2018-01-15T22:51:00Z,78,23,30.5,7,0
2018-01-16T17:51:00Z,89,35,30.39,6,0
2018-01-17T17:51:00Z,75,30,30.17,15,0
2018-01-18T02:51:00Z,62,21,30.110000000000003,18,0
2018-01-19T00:51:00Z,57,26,30.04,11,0
2018-01-20T20:51:00Z,55,44,30.01,9,0
2018-01-20T22:51:00Z,76,36,30.03,11,0
2018-01-22T14:51:00Z,71,51,30.110000000000003,7,0
2018-01-23T09:00:00Z,100,46,29.73,16,0
2018-01-23T11:51:00Z,100,51,29.58,25,0.01
2018-01-24T02:51:00Z,73,39,29.759999999999998,11,0
2018-01-25T18:51:00Z,25,32,30.5,16,0
2018-01-26T02:51:00Z,32,26,30.6,8,0
2018-01-26T05:51:00Z,42,25,30.650000000000002,7,0
2018-01-26T07:51:00Z,42,26,30.7,3,0
2018-01-27T11:51:00Z,68,45,30.419999999999998,8,0
2018-01-29T10:51:00Z,62,41,30.19,15,0
2018-01-29T21:51:00Z,76,37,30.03,16,0
2018-01-31T05:51:00Z,54,19,30.25,15,0
2018-02-01T18:51:00Z,89,39,29.9,6,0
2018-02-02T08:51:00Z,58,28,29.979999999999997,23,0
2018-02-05T05:51:00Z,93,36,29.73,11,0
2018-02-05T06:51:00Z,89,36,29.759999999999998,14,0
2018-02-07T05:51:00Z,72,29,30.439999999999998,10,0
2018-02-08T14:51:00Z,44,34,30.29,9,0
2018-02-10T07:51:00Z,97,38,30.3,6,0
2018-02-10T09:51:00Z,86,46,30.27,6,0
2018-02-12T00:51:00Z,100,49,29.919999999999998,7,0
2018-02-12T17:51:00Z,36,42,30.49,16,0
2018-02-13T14:51:00Z,48,34,30.75,11,0
2018-02-13T15:51:00Z,52,33,30.75,10,0
2018-02-14T07:51:00Z,82,37,30.38,10,0
2018-02-14T16:51:00Z,85,42,30.14,15,0
2018-02-14T23:51:00Z,97,43,30.05,7,0.05
2018-02-15T21:51:00Z,100,48,29.71,10,0.02
2018-02-16T04:30:00Z,100,48,29.57,5,0.01
2018-02-17T04:51:00Z,56,30,30.330000000000002,8,0
2018-02-19T03:51:00Z,96,32,30.52,5,0
2018-02-19T18:51:00Z,100,44,30.35,10,0.01
2018-02-20T12:51:00Z,80,60,30.29,15,0
2018-02-21T00:51:00Z,100,49,30.32,11,0
2018-02-22T00:51:00Z,72,57,30.4,10,0
2018-02-23T16:51:00Z,100,39,,8,0
2018-02-26T20:51:00Z,58,45,30.21,9,0
2018-02-27T17:51:00Z,58,43,30.259999999999998,20,0
2018-03-02T01:51:00Z,97,43,29.4,20,0.13
2018-03-02T06:51:00Z,93,39,29.25,23,0.09
2018-03-02T10:51:00Z,97,36,29.22,32,0.05
2018-03-02T12:28:00Z,93,36,29.2,48,0.07
2018-03-02T21:51:00Z,76,38,29.64,29,0
2018-03-03T05:51:00Z,65,39,29.82,32,0
2018-03-05T00:51:00Z,56,34,30.03,21,0
2018-03-07T01:51:00Z,89,36,29.93,14,0
2018-03-07T15:51:00Z,100,33,29.5,22,0.08
2018-03-07T21:51:00Z,97,34,29.62,17,0.04
2018-03-08T20:51:00Z,57,36,29.72,20,0
2018-03-09T19:51:00Z,52,38,29.82,21,0
2018-03-11T03:51:00Z,54,34,30.03,11,0
2018-03-11T12:51:00Z,40,43,30.04,9,0
2018-03-11T13:51:00Z,38,44,30.03,13,0
2018-03-12T18:51:00Z,55,41,29.82,18,0
2018-03-13T12:51:00Z,93,36,29.610000000000003,21,0.01
2018-03-13T16:51:00Z,53,40,29.64,23,0
2018-03-15T00:51:00Z,59,34,29.59,22,0
2018-03-15T03:51:00Z,56,32,29.59,15,0
2018-03-15T13:51:00Z,31,47,29.51,21,0
2018-03-16T18:51:00Z,42,34,29.87,21,0
2018-03-19T07:51:00Z,42,36,29.939999999999998,11,0
2018-03-19T13:51:00Z,25,45,29.91,3,0
2018-03-20T18:51:00Z,52,36,29.810000000000002,14,0
2018-03-20T23:51:00Z,50,37,29.75,15,0
2018-03-21T06:51:00Z,72,33,29.66,23,0.01
2018-03-22T00:20:00Z,100,32,29.67,18,0.03
2018-03-22T23:51:00Z,55,38,29.97,15,0
2018-03-23T00:51:00Z,57,37,29.97,15,0
2018-03-23T07:51:00Z,57,37,30.01,11,0
2018-03-23T23:51:00Z,49,40,30.06,15,0
2018-03-24T14:51:00Z,26,49,30.02,8,0
2018-03-25T19:51:00Z,53,39,30.53,8,0
2018-03-25T20:51:00Z,46,38,30.56,10,0
2018-03-26T16:51:00Z,65,40,30.66,10,0
2018-03-27T01:51:00Z,67,34,30.630000000000003,3,0
2018-03-27T05:51:00Z,79,30,30.57,7,0
2018-03-27T14:51:00Z,60,39,30.4,7,0
2018-03-27T19:51:00Z,73,38,30.29,7,0
2018-03-28T00:51:00Z,89,38,30.17,0,0
2018-03-28T11:51:00Z,77,46,30.02,9,0
2018-03-29T03:51:00Z,96,44,30.01,0,0
2018-03-29T09:25:00Z,97,47,30.07,8,0
2018-03-29T18:51:00Z,100,46,29.9,9,0
2018-03-29T23:51:00Z,100,47,29.779999999999998,5,0
2018-03-31T03:51:00Z,50,39,30.150000000000002,9,0
2018-04-01T04:51:00Z,74,45,29.99,9,0
2018-04-02T08:48:00Z,100,32,30.130000000000003,8,0.05
2018-04-03T22:51:00Z,100,41,29.87,3,0
2018-04-04T04:51:00Z,100,42,29.650000000000002,8,0
2018-04-06T01:51:00Z,50,35,30.14,3,0
2018-04-06T07:35:00Z,93,38,30.1,15,0.02
2018-04-07T12:51:00Z,28,43,29.89,13,0
2018-04-07T13:51:00Z,27,44,29.87,8,0
2018-04-08T16:51:00Z,28,42,29.9,23,0
2018-04-09T08:51:00Z,39,36,30.21,0,0
2018-04-09T22:51:00Z,62,41,30.16,9,0
2018-04-12T09:51:00Z,64,49,30.110000000000003,8,0
2018-04-12T16:51:00Z,80,50,29.85,21,0
2018-04-12T19:51:00Z,80,49,29.84,25,0
2018-04-13T16:51:00Z,67,57,29.85,18,0
2018-04-14T00:51:00Z,93,50,29.86,8,0
2018-04-14T05:51:00Z,97,49,29.91,5,0
2018-04-14T21:51:00Z,80,47,30.150000000000002,21,0
2018-04-15T03:51:00Z,76,42,30.22,20,0
2018-04-15T21:51:00Z,96,39,30.17,18,0.02
2018-04-16T12:47:00Z,94,54,29.51,26,0
2018-04-17T14:51:00Z,48,45,29.62,23,0
2018-04-18T00:51:00Z,63,40,29.75,17,0
2018-04-19T13:51:00Z,89,43,29.759999999999998,9,0.05
2018-04-20T00:51:00Z,55,38,30.01,23,0
2018-04-20T04:51:00Z,52,37,30.07,21,0
2018-04-21T13:51:00Z,22,60,30.279999999999998,13,0
2018-04-22T02:51:00Z,39,45,30.37,7,0
2018-04-22T19:51:00Z,58,48,30.37,13,0
2018-04-23T01:51:00Z,74,43,30.4,5,0
2018-04-23T15:51:00Z,51,54,30.439999999999998,15,0
2018-04-23T19:51:00Z,80,47,30.439999999999998,7,0
2018-04-24T07:51:00Z,72,53,30.4,8,0
2018-04-24T14:51:00Z,62,58,30.27,17,0
2018-04-25T00:51:00Z,96,53,30.08,15,0.01
2018-04-25T09:11:00Z,100,54,29.86,21,0
2018-04-25T11:51:00Z,100,57,29.759999999999998,18,0
2018-04-26T09:51:00Z,52,60,29.72,16,0
2018-04-27T17:51:00Z,100,50,29.73,9,0
2018-04-28T22:51:00Z,75,56,29.86,8,0
2018-04-29T06:13:00Z,93,52,29.86,10,0.01
2018-04-29T08:51:00Z,69,52,29.9,14,0
2018-04-29T10:51:00Z,53,56,29.91,17,0
2018-04-29T18:51:00Z,50,51,29.97,22,0
2018-04-30T08:51:00Z,39,50,29.99,21,0
2018-05-01T15:51:00Z,35,67,30.01,14,0
2018-05-03T05:51:00Z,67,61,30.01,9,0
2018-05-03T14:51:00Z,52,75,29.9,16,0
2018-05-03T19:51:00Z,72,76,29.95,7,0
2018-05-04T03:51:00Z,87,63,29.919999999999998,0,0
2018-05-04T04:51:00Z,86,62,29.919999999999998,6,0
2018-05-05T04:51:00Z,40,64,29.979999999999997,17,0
2018-05-05T06:51:00Z,46,62,30.04,15,0
2018-05-05T07:51:00Z,45,63,30.06,15,0
2018-05-05T14:51:00Z,43,66,30.06,14,0
2018-05-07T22:51:00Z,86,53,30.19,0,0
2018-05-09T12:51:00Z,78,59,30.16,7,0
2018-05-10T21:45:00Z,88,61,29.830000000000002,0,0.01
2018-05-11T15:51:00Z,20,74,30,18,0
2018-05-11T22:51:00Z,30,66,30.110000000000003,5,0
2018-05-12T10:02:00Z,90,55,30.1,15,0.04
2018-05-13T00:51:00Z,97,52,30.110000000000003,7,0
2018-05-13T01:51:00Z,97,52,30.1,6,0
2018-05-14T11:51:00Z,87,58,30.02,8,0
2018-05-15T07:51:00Z,100,61,29.89,7,0
2018-05-15T16:49:00Z,88,68,29.85,23,0.06
2018-05-16T08:51:00Z,81,65,30.08,10,0
2018-05-16T19:51:00Z,100,56,30.06,7,0.03
2018-05-17T05:51:00Z,100,56,29.979999999999997,7,0.33999999999999997
2018-05-18T03:51:00Z,100,60,30.12,0,0
2018-05-18T06:51:00Z,78,63,30.2,16,0
2018-05-18T11:51:00Z,48,63,30.3,20,0
2018-05-19T13:51:00Z,100,54,30.19,9,0.02
2018-05-20T19:51:00Z,62,73,29.99,15,0
2018-05-21T19:51:00Z,78,60,30.150000000000002,11,0
2018-05-22T01:51:00Z,93,56,30.16,5,0
2018-05-23T00:51:00Z,100,58,29.919999999999998,0,0
2018-05-23T13:51:00Z,48,78,29.919999999999998,13,0
2018-05-24T20:51:00Z,63,65,30.09,13,0
2018-05-25T01:51:00Z,70,62,30.06,9,0
2018-05-25T17:51:00Z,73,71,29.82,14,0
2018-05-25T18:51:00Z,76,70,29.830000000000002,13,0
2018-05-27T07:51:00Z,100,63,29.979999999999997,11,0.27
2018-05-27T11:51:00Z,96,62,30.01,17,0.01
2018-05-28T22:51:00Z,97,58,30.02,9,0
2018-05-29T12:51:00Z,79,74,29.97,14,0
2018-05-30T19:51:00Z,100,57,30.110000000000003,6,0
2018-05-31T01:51:00Z,90,63,30.07,5,0
2018-05-31T02:51:00Z,87,64,30.06,9,0
2018-05-31T14:51:00Z,100,65,29.979999999999997,10,0
2018-06-01T09:51:00Z,100,70,29.82,0,0
2018-06-05T23:51:00Z,67,61,29.72,6,0
2018-06-06T07:51:00Z,63,63,29.830000000000002,14,0
2018-06-06T11:51:00Z,53,69,29.87,10,0
2018-06-06T12:51:00Z,51,69,29.86,7,0
2018-06-06T23:51:00Z,93,58,30.01,8,0
2018-06-07T01:51:00Z,97,58,30.02,8,0
2018-06-10T18:51:00Z,75,62,30,3,0
2018-06-11T05:51:00Z,93,58,30,0,0
2018-06-11T11:51:00Z,45,69,30.08,14,0
2018-06-11T14:51:00Z,45,67,30.08,16,0
2018-06-11T16:51:00Z,43,66,30.08,16,0
2018-06-14T07:51:00Z,55,72,29.79,14,0
2018-06-16T14:51:00Z,41,80,29.97,17,0
2018-06-18T16:51:00Z,74,76,29.810000000000002,21,0
2018-06-18T22:51:00Z,97,74,29.77,9,0
2018-06-19T13:51:00Z,35,88,29.77,13,0
2018-06-20T16:51:00Z,74,75,29.779999999999998,14,0
2018-06-21T05:35:00Z,100,66,29.74,8,0.01
2018-06-22T13:51:00Z,78,68,30.01,15,0
2018-06-22T18:51:00Z,87,66,29.99,9,0
2018-06-22T21:51:00Z,90,65,29.99,7,0
2018-06-24T07:51:00Z,100,67,29.830000000000002,8,0
2018-06-25T14:51:00Z,37,81,30.01,15,0
2018-06-25T17:51:00Z,32,79,30.05,11,0
2018-06-26T14:51:00Z,71,72,30.22,16,0
2018-06-27T05:51:00Z,87,67,30.110000000000003,3,0
2018-06-28T04:37:00Z,100,70,29.810000000000002,18,0.02
2018-06-28T13:48:00Z,89,75,29.759999999999998,13,0
2018-06-29T06:51:00Z,74,77,29.93,7,0
2018-06-29T12:51:00Z,59,87,29.939999999999998,13,0
2018-06-29T13:51:00Z,48,88,29.93,5,0
2018-06-29T19:51:00Z,40,86,29.939999999999998,11,0
2018-06-30T17:51:00Z,57,83,30,8,0
2018-07-01T11:51:00Z,57,91,30.01,9,0
2018-07-01T23:51:00Z,90,77,30.02,7,0
2018-07-03T10:51:00Z,88,82,30.18,9,0
2018-07-03T19:51:00Z,87,78,30.2,3,0
2018-07-04T18:51:00Z,93,78,30.279999999999998,8,0
2018-07-05T03:51:00Z,100,75,30.29,6,0
2018-07-06T11:51:00Z,90,80,30.01,10,0
2018-07-07T04:51:00Z,62,62,30.279999999999998,8,0
2018-07-09T22:51:00Z,71,71,30.04,10,0
2018-07-10T12:51:00Z,53,85,29.88,13,0
2018-07-10T14:51:00Z,50,85,29.86,15,0
2018-07-11T12:51:00Z,49,86,29.91,10,0
2018-07-12T08:51:00Z,47,78,30.16,8,0
2018-07-12T12:51:00Z,58,77,30.17,9,0
2018-07-12T22:51:00Z,90,69,30.23,5,0
2018-07-14T06:51:00Z,64,75,30.130000000000003,9,0
2018-07-14T10:51:00Z,53,83,30.1,14,0
2018-07-18T17:51:00Z,37,83,29.87,14,0
2018-07-18T18:51:00Z,34,82,29.9,14,0
2018-07-19T03:51:00Z,59,67,30.02,8,0
2018-07-20T20:51:00Z,68,71,30.12,8,0
2018-07-22T05:51:00Z,100,72,29.830000000000002,16,0
2018-07-23T12:51:00Z,93,78,30.110000000000003,20,0
2018-07-26T10:51:00Z,82,79,29.86,13,0
